IDCliente,NombreEmpresa,NombreContacto,Ciudad,Region,Pais
ABOZO,Empresa ABOZO,Contacto 001,Ciudad 68,WA,Australia
AMKXP,Empresa AMKXP,Contacto 002,Ciudad 11,,Australia
AODRM,Empresa AODRM,Contacto 003,Ciudad 39,Norte,Argentina
ARPIO,Empresa ARPIO,Contacto 004,Ciudad 22,,Dinamarca
ARUPY,Empresa ARUPY,Contacto 005,Ciudad 62,,Portugal
BXJIB,Empresa BXJIB,Contacto 006,Ciudad 45,SP,Noruega
CAJJZ,Empresa CAJJZ,Contacto 007,Ciudad 02,Norte,Portugal
CDLRH,Empresa CDLRH,Contacto 008,Ciudad 02,,Canadá
CFRKI,Empresa CFRKI,Contacto 009,Ciudad 15,,España
CHJHK,Empresa CHJHK,Contacto 010,Ciudad 57,,Suiza
CRBOU,Empresa CRBOU,Contacto 011,Ciudad 60,BC,México
DDGUG,Empresa DDGUG,Contacto 012,Ciudad 39,,México
DLQMD,Empresa DLQMD,Contacto 013,Ciudad 40,,Finlandia
EETZO,Empresa EETZO,Contacto 014,Ciudad 45,,Australia
EHVXH,Empresa EHVXH,Contacto 015,Ciudad 34,,Noruega
EWHZJ,Empresa EWHZJ,Contacto 016,Ciudad 36,WA,Dinamarca
EWQCH,Empresa EWQCH,Contacto 017,Ciudad 26,,Canadá
EYYSN,Empresa EYYSN,Contacto 018,Ciudad 34,Sur,Noruega
EZSXH,Empresa EZSXH,Contacto 019,Ciudad 21,RJ, EE.UU. 
FWTMU,Empresa FWTMU,Contacto 020,Ciudad 52,,Austria
FWXFW,Empresa FWXFW,Contacto 021,Ciudad 47,SP,Reino  Unido
GCSLF,Empresa GCSLF,Contacto 022,Ciudad 50,,España
GFBCR,Empresa GFBCR,Contacto 023,Ciudad 26,,Portugal
GMUGJ,Empresa GMUGJ,Contacto 024,Ciudad 28,BC,España
GSKSA,Empresa GSKSA,Contacto 025,Ciudad 31,,Canadá
HXEEG,Empresa HXEEG,Contacto 026,Ciudad 42,BC,Polonia
IAKCY,Empresa IAKCY,Contacto 027,Ciudad 54,WA,Reino  Unido
IBHPP,Empresa IBHPP,Contacto 028,Ciudad 01,WA,Canadá
IEHDF,Empresa IEHDF,Contacto 029,Ciudad 66,Sur,España
IFHOG,Empresa IFHOG,Contacto 030,Ciudad 60,BC,Francia
JFEIL,Empresa JFEIL,Contacto 031,Ciudad 69,Centro,México
JOPKE,Empresa JOPKE,Contacto 032,Ciudad 20,,Finlandia
JQCTG,Empresa JQCTG,Contacto 033,Ciudad 34,,México
JSSTI,Empresa JSSTI,Contacto 034,Ciudad 38,WA,Portugal
JUIWI,Empresa JUIWI,Contacto 035,Ciudad 10,,España
KDERT,Empresa KDERT,Contacto 036,Ciudad 25,,Portugal
KINOC,Empresa KINOC,Contacto 037,Ciudad 02,RJ,Portugal
KSKIC,Empresa KSKIC,Contacto 038,Ciudad 09,Centro,Suiza
KTMWM,Empresa KTMWM,Contacto 039,Ciudad 35,,EEUU
KUABU,Empresa KUABU,Contacto 040,Ciudad 22,,Portugal
LKXAI,Empresa LKXAI,Contacto 041,Ciudad 06,,Suiza
LQAJJ,Empresa LQAJJ,Contacto 042,Ciudad 58,,Suecia
LQSSY,Empresa LQSSY,Contacto 043,Ciudad 09,,Suecia
LZJBG,Empresa LZJBG,Contacto 044,Ciudad 16,WA,España
MCCJA,Empresa MCCJA,Contacto 045,Ciudad 17,,Reino Unido
MCJQJ,Empresa MCJQJ,Contacto 046,Ciudad 36,,EEUU
MHCEX,Empresa MHCEX,Contacto 047,Ciudad 69,,Suecia
MSESF,Empresa MSESF,Contacto 048,Ciudad 02,,Portugal
MTPNQ,Empresa MTPNQ,Contacto 049,Ciudad 12,,Austria
MYUOP,Empresa MYUOP,Contacto 050,Ciudad 23,,Australia
OBWWH,Empresa OBWWH,Contacto 051,Ciudad 08,,Italia
OEZOA,Empresa OEZOA,Contacto 052,Ciudad 01,,Brasil
OKGYN,Empresa OKGYN,Contacto 053,Ciudad 64,,Noruega
OMMPQ,Empresa OMMPQ,Contacto 054,Ciudad 16,,Polonia
ORYAY,Empresa ORYAY,Contacto 055,Ciudad 43,BC,Francia
PHGRR,Empresa PHGRR,Contacto 056,Ciudad 62,,Polonia
PILRH,Empresa PILRH,Contacto 057,Ciudad 52,RJ,Francia
PMOOX,Empresa PMOOX,Contacto 058,Ciudad 03,,Francia
PPNKD,Empresa PPNKD,Contacto 059,Ciudad 25,,Bélgica
QDKDT,Empresa QDKDT,Contacto 060,Ciudad 04,,Irlanda
QPTDN,Empresa QPTDN,Contacto 061,Ciudad 65,,Austria
QVRLL,Empresa QVRLL,Contacto 062,Ciudad 32,,Italia
QYNXK,Empresa QYNXK,Contacto 063,Ciudad 68,,Polonia
RUNCK,Empresa RUNCK,Contacto 064,Ciudad 28,Sur,Polonia
RVAML,Empresa RVAML,Contacto 065,Ciudad 39,,Austria
RVDMH,Empresa RVDMH,Contacto 066,Ciudad 05,,Polonia
TMXBF,Empresa TMXBF,Contacto 067,Ciudad 69,Norte,Noruega
TVMDU,Empresa TVMDU,Contacto 068,Ciudad 60,,Austria
UNPFI,Empresa UNPFI,Contacto 069,Ciudad 35,,Argentina
UNYYX,Empresa UNYYX,Contacto 070,Ciudad 17,Centro,Italia
UQMTR,Empresa UQMTR,Contacto 071,Ciudad 31,,España
VGMIO,Empresa VGMIO,Contacto 072,Ciudad 31,,Finlandia
VUSXS,Empresa VUSXS,Contacto 073,Ciudad 55,,Alemania
VXISR,Empresa VXISR,Contacto 074,Ciudad 21,,Brasil
WDZSH,Empresa WDZSH,Contacto 075,Ciudad 45,Centro,Italia
WEAQJ,Empresa WEAQJ,Contacto 076,Ciudad 56,Sur,Italia
WJQYI,Empresa WJQYI,Contacto 077,Ciudad 14,,Canadá
WNCLH,Empresa WNCLH,Contacto 078,Ciudad 54,,Dinamarca
WNTIS,Empresa WNTIS,Contacto 079,Ciudad 36,,Estados Unidos
WOHLE,Empresa WOHLE,Contacto 080,Ciudad 15,RJ,Dinamarca
WPYMO,Empresa WPYMO,Contacto 081,Ciudad 02,,Canadá
WUSQA,Empresa WUSQA,Contacto 082,Ciudad 62,,Canadá
XLPUE,Empresa XLPUE,Contacto 083,Ciudad 61,,Finlandia
XZGTP,Empresa XZGTP,Contacto 084,Ciudad 05,,Francia
YGUPQ,Empresa YGUPQ,Contacto 085,Ciudad 38,Sur,Italia
YHAAH,Empresa YHAAH,Contacto 086,Ciudad 07,,Brasil
YQHEC,Empresa YQHEC,Contacto 087,Ciudad 04,,Austria
ZFYWY,Empresa ZFYWY,Contacto 088,Ciudad 04,,Canadá
ZHCRB,Empresa ZHCRB,Contacto 089,Ciudad 65,,Polonia
ZJEFM,Empresa ZJEFM,Contacto 090,Ciudad 35,RJ,Portugal
ZRZWT,Empresa ZRZWT,Contacto 091,Ciudad 69,RJ,Polonia
