IDEmpleado,Anio,Mes,Pedidos,Unidades,Ventas,MetaMensual,CumplimientoMeta,TicketPromedio
1,2019,7,5,388,10512.1,34870.22,0.301,2102.42
1,2019,8,5,231,6883.32,39837.74,0.173,1376.66
1,2019,9,3,114,2670.82,29578.99,0.09,890.27
1,2019,10,6,299,5158.74,59584.86,0.087,859.79
1,2019,11,2,190,2541.93,14612.61,0.174,1270.96
1,2019,12,5,371,9674.54,20565.98,0.47,1934.91
1,2020,1,8,358,7294.94,14828.4,0.492,911.87
1,2020,2,8,577,11041.92,43301.09,0.255,1380.24
1,2020,3,6,504,9354.69,12819.25,0.73,1559.12
1,2020,4,6,462,10718.44,48776.5,0.22,1786.41
1,2020,5,5,298,14713.71,49551.63,0.297,2942.74
1,2020,6,4,160,4774.97,39936.47,0.12,1193.74
1,2020,7,3,272,2475.95,12437.36,0.199,825.32
1,2020,8,5,344,11650.87,32753.07,0.356,2330.17
1,2020,9,5,366,8735.73,32155.5,0.272,1747.15
1,2020,10,4,242,5129.24,19348.58,0.265,1282.31
1,2020,12,1,86,1953.4,59622.6,0.033,1953.4
1,2021,1,5,433,10985.93,26724.31,0.411,2197.19
1,2021,2,7,334,9056.43,21916.79,0.413,1293.78
1,2021,3,5,215,4339.94,44024.55,0.099,867.99
1,2021,4,5,618,13709.05,40827.88,0.336,2741.81
2,2019,7,3,234,6269.64,30373.7,0.206,2089.88
2,2019,8,5,336,7660.4,16146.24,0.474,1532.08
2,2019,9,3,302,9049.55,17913.36,0.505,3016.52
2,2019,10,4,255,4792.2,31172.16,0.154,1198.05
2,2019,11,3,135,4484.78,33401.22,0.134,1494.93
2,2019,12,1,81,3429.18,24799.3,0.138,3429.18
2,2020,1,7,487,10610.49,58894.64,0.18,1515.78
2,2020,2,2,106,2370.84,50566.88,0.047,1185.42
2,2020,3,4,313,8134.3,17249.0,0.472,2033.58
2,2020,4,4,230,5089.76,8766.26,0.581,1272.44
2,2020,5,4,339,10556.52,57881.39,0.182,2639.13
2,2020,6,2,32,1309.7,25922.78,0.051,654.85
2,2020,7,3,207,11782.89,57218.9,0.206,3927.63
2,2020,8,5,245,6930.27,33576.11,0.206,1386.05
2,2020,9,7,804,30715.08,52236.8,0.588,4387.87
2,2020,10,4,185,6038.03,33572.92,0.18,1509.51
2,2020,11,3,70,3009.11,23908.24,0.126,1003.04
2,2020,12,3,159,2377.01,33426.38,0.071,792.34
2,2021,1,4,293,6894.36,47114.87,0.146,1723.59
2,2021,2,4,442,8303.18,31021.7,0.268,2075.8
2,2021,3,4,217,5738.73,15684.22,0.366,1434.68
2,2021,4,5,466,9361.38,52288.62,0.179,1872.28
3,2019,7,1,13,163.97,52996.87,0.003,163.97
3,2019,8,2,149,1477.53,26140.44,0.057,738.76
3,2019,9,5,328,8367.04,46813.93,0.179,1673.41
3,2019,10,5,319,9002.61,21755.08,0.414,1800.52
3,2019,11,1,25,399.45,12173.77,0.033,399.45
3,2019,12,3,228,6541.64,50909.46,0.128,2180.55
3,2020,1,5,311,12139.26,38786.7,0.313,2427.85
3,2020,2,7,454,16970.65,49687.08,0.342,2424.38
3,2020,3,7,445,12041.74,50623.45,0.238,1720.25
3,2020,4,6,743,21279.93,49194.8,0.433,3546.66
3,2020,5,4,180,3175.58,55733.74,0.057,793.9
3,2020,6,6,448,7777.88,37984.25,0.205,1296.31
3,2020,7,3,130,1746.28,50752.69,0.034,582.09
3,2020,8,8,450,11893.21,34227.57,0.347,1486.65
3,2020,9,2,90,1192.56,52203.72,0.023,596.28
3,2020,10,2,125,865.51,10368.61,0.083,432.76
3,2020,11,3,263,5575.33,45280.18,0.123,1858.44
3,2020,12,3,169,3635.59,50052.83,0.073,1211.86
3,2021,1,4,253,5394.37,18673.77,0.289,1348.59
3,2021,2,4,398,8187.48,49061.3,0.167,2046.87
3,2021,3,3,148,2945.28,35189.81,0.084,981.76
3,2021,4,4,142,2622.65,36391.06,0.072,655.66
3,2021,5,1,97,3329.16,57530.65,0.058,3329.16
4,2019,7,5,245,8180.44,12303.35,0.665,1636.09
4,2019,8,3,180,5149.79,10447.94,0.493,1716.6
4,2019,9,4,358,11068.14,52867.53,0.209,2767.04
4,2019,10,2,65,970.96,38324.91,0.025,485.48
4,2019,11,5,236,6719.33,22873.94,0.294,1343.87
4,2019,12,3,324,3713.53,25581.43,0.145,1237.84
4,2020,1,7,293,6466.61,40850.65,0.158,923.8
4,2020,2,4,337,14873.09,11388.75,1.306,3718.27
4,2020,3,3,198,4439.67,20337.76,0.218,1479.89
4,2020,4,2,77,3066.62,37433.52,0.082,1533.31
4,2020,5,3,183,7289.64,50058.58,0.146,2429.88
4,2020,6,5,282,6341.87,36371.77,0.174,1268.37
4,2020,7,4,298,6811.71,53724.47,0.127,1702.93
4,2020,8,2,223,3939.19,33888.12,0.116,1969.6
4,2020,9,4,215,3679.73,39183.64,0.094,919.93
4,2020,10,8,492,12032.6,27563.92,0.437,1504.08
4,2020,11,3,328,14247.34,55742.81,0.256,4749.11
4,2020,12,2,87,6113.52,16996.1,0.36,3056.76
4,2021,1,6,492,7000.47,25592.75,0.274,1166.75
4,2021,2,7,324,5181.99,53162.31,0.097,740.28
4,2021,3,7,475,16044.02,24442.45,0.656,2292.0
4,2021,4,4,176,7438.23,21825.88,0.341,1859.56
4,2021,5,1,18,1114.94,34687.61,0.032,1114.94
5,2019,7,4,232,4241.35,10256.61,0.414,1060.34
5,2019,8,5,545,15997.45,30127.95,0.531,3199.49
5,2019,9,1,38,1979.8,53846.63,0.037,1979.8
5,2019,10,6,459,6656.23,44871.55,0.148,1109.37
5,2019,11,5,220,7120.34,38336.49,0.186,1424.07
5,2019,12,1,36,1591.2,56955.31,0.028,1591.2
5,2020,1,4,450,11025.06,41276.72,0.267,2756.26
5,2020,2,4,156,7477.4,26787.79,0.279,1869.35
5,2020,3,5,460,17187.99,33360.91,0.515,3437.6
5,2020,4,2,157,3135.09,36743.11,0.085,1567.54
5,2020,5,4,555,11258.88,54592.27,0.206,2814.72
5,2020,6,3,267,5318.65,34118.88,0.156,1772.88
5,2020,7,3,134,4701.11,50928.2,0.092,1567.04
5,2020,8,6,486,9768.3,39215.55,0.249,1628.05
5,2020,9,5,303,3968.79,41771.61,0.095,793.76
5,2020,10,5,271,7442.49,15502.49,0.48,1488.5
5,2020,11,4,327,7707.88,35525.47,0.217,1926.97
5,2020,12,3,270,6250.45,19328.47,0.323,2083.48
5,2021,1,3,216,3889.67,24977.95,0.156,1296.56
5,2021,2,6,291,4057.74,42379.92,0.096,676.29
5,2021,3,5,234,3268.79,26788.37,0.122,653.76
5,2021,4,1,54,712.94,12832.57,0.056,712.94
5,2021,5,1,4,47.58,49129.45,0.001,47.58
6,2019,7,4,306,5343.89,17337.77,0.308,1335.97
6,2019,8,2,192,8750.62,30035.36,0.291,4375.31
6,2019,9,5,319,7687.84,45446.07,0.169,1537.57
6,2019,10,2,268,4155.07,38771.09,0.107,2077.54
6,2019,11,4,216,4067.89,21537.89,0.189,1016.97
6,2019,12,3,137,1891.19,51237.45,0.037,630.4
6,2020,1,2,231,14553.99,17485.36,0.832,7277.0
6,2020,2,4,196,4722.14,43213.65,0.109,1180.54
6,2020,3,4,343,8166.24,15704.39,0.52,2041.56
6,2020,4,2,33,840.31,32126.19,0.026,420.16
6,2020,5,5,199,2924.33,27605.64,0.106,584.87
6,2020,6,5,391,8293.53,26851.14,0.309,1658.71
6,2020,7,4,168,5908.93,17022.53,0.347,1477.23
6,2020,8,3,140,3724.64,45795.04,0.081,1241.55
6,2020,9,3,203,5671.94,27652.12,0.205,1890.65
6,2020,10,5,352,8830.34,18226.53,0.484,1766.07
6,2020,11,4,349,11738.31,42765.2,0.274,2934.58
6,2020,12,4,343,10051.56,54832.23,0.183,2512.89
6,2021,1,2,204,9011.31,22731.22,0.396,4505.66
6,2021,2,1,13,1546.74,20174.3,0.077,1546.74
6,2021,3,2,112,1331.97,54858.33,0.024,665.98
6,2021,4,1,163,2751.63,21843.44,0.126,2751.63
7,2019,7,6,393,9071.78,8703.75,1.042,1511.96
7,2019,8,2,59,1392.07,18698.99,0.074,696.04
7,2019,9,4,282,6639.77,50132.55,0.132,1659.94
7,2019,10,8,556,18539.71,8193.78,2.263,2317.46
7,2019,11,4,206,5186.64,43234.45,0.12,1296.66
7,2019,12,8,607,15580.65,21241.71,0.733,1947.58
7,2020,1,2,60,545.86,21704.96,0.025,272.93
7,2020,2,4,270,4580.68,20099.16,0.228,1145.17
7,2020,3,5,357,8400.58,16678.59,0.504,1680.12
7,2020,4,8,509,10424.71,28757.16,0.363,1303.09
7,2020,5,4,292,6491.53,43075.79,0.151,1622.88
7,2020,6,3,417,10882.45,20254.35,0.537,3627.48
7,2020,7,4,133,3674.86,14727.09,0.25,918.72
7,2020,8,6,368,11510.65,59171.18,0.195,1918.44
7,2020,9,6,448,11964.63,14104.18,0.848,1994.1
7,2020,10,7,412,12899.83,10268.19,1.256,1842.83
7,2020,11,5,456,14868.39,53053.79,0.28,2973.68
7,2021,1,2,220,5726.38,54715.12,0.105,2863.19
7,2021,2,4,192,5365.24,38861.41,0.138,1341.31
7,2021,3,6,235,7621.29,37300.34,0.204,1270.21
7,2021,4,3,198,7816.45,23175.55,0.337,2605.48
7,2021,5,2,154,3184.82,13697.47,0.233,1592.41
8,2019,7,5,233,4635.05,54729.22,0.085,927.01
8,2019,8,4,240,4106.56,29242.13,0.14,1026.64
8,2019,9,4,140,1737.23,56987.27,0.03,434.31
8,2019,10,2,268,2897.64,12009.09,0.241,1448.82
8,2019,11,6,564,8018.84,56162.17,0.143,1336.47
8,2019,12,5,287,3827.32,53006.96,0.072,765.46
8,2020,1,6,648,15582.34,50480.75,0.309,2597.06
8,2020,2,3,324,9146.27,58465.08,0.156,3048.76
8,2020,3,3,283,7604.07,24325.24,0.313,2534.69
8,2020,4,5,220,6558.53,31008.33,0.212,1311.71
8,2020,5,7,408,10442.28,53635.47,0.195,1491.75
8,2020,6,4,194,10304.76,25893.02,0.398,2576.19
8,2020,7,7,386,11527.26,31287.85,0.368,1646.75
8,2020,8,5,188,4298.95,37288.68,0.115,859.79
8,2020,9,4,252,4365.72,25010.47,0.175,1091.43
8,2020,10,4,292,3248.68,30498.5,0.107,812.17
8,2020,11,1,88,1425.18,25026.18,0.057,1425.18
8,2020,12,4,377,5475.01,55113.38,0.099,1368.75
8,2021,1,6,326,10862.09,38783.44,0.28,1810.35
8,2021,2,4,420,8892.5,16416.21,0.542,2223.12
8,2021,3,3,195,6483.3,46335.49,0.14,2161.1
8,2021,4,6,486,12024.07,46146.39,0.261,2004.01
9,2019,7,2,139,1129.66,22389.33,0.05,564.83
9,2019,8,1,63,1234.35,14791.34,0.083,1234.35
9,2019,9,2,238,7896.72,48951.11,0.161,3948.36
9,2019,10,3,89,2098.19,41839.11,0.05,699.4
9,2019,11,7,404,7366.57,25848.9,0.285,1052.37
9,2019,12,5,348,6481.7,53371.71,0.121,1296.34
9,2020,1,5,436,10775.84,20592.33,0.523,2155.17
9,2020,2,6,442,11088.59,10225.26,1.084,1848.1
9,2020,3,5,223,2772.65,36147.49,0.077,554.53
9,2020,4,4,361,3799.87,19603.74,0.194,949.97
9,2020,5,4,259,4893.28,27760.36,0.176,1223.32
9,2020,6,3,462,12435.32,11519.53,1.079,4145.11
9,2020,7,7,581,20661.06,45211.17,0.457,2951.58
9,2020,8,7,690,15652.24,57583.28,0.272,2236.03
9,2020,9,2,183,4587.81,43887.19,0.105,2293.91
9,2020,10,5,260,7659.04,53897.51,0.142,1531.81
9,2020,11,5,337,6177.09,28287.29,0.218,1235.42
9,2020,12,5,267,6392.03,10490.42,0.609,1278.41
9,2021,1,6,363,16090.85,47114.28,0.342,2681.81
9,2021,2,7,201,5647.12,39809.2,0.142,806.73
9,2021,3,6,421,13833.3,39991.15,0.346,2305.55
9,2021,4,3,379,7142.02,9140.06,0.781,2380.67
9,2021,5,2,165,5819.13,19424.72,0.3,2909.56
