IDPedido,IDProducto,PrecioUnitario,Cantidad,Descuento
10248,63,76.06,130,0.0
10248,5,26.71,13,0.0
10249,65,33.29,57,0.0
10250,9,9.78,30,0.0
10250,43,13.57,5,0.0
10250,57,15.65,74,0.0
10250,22,42.52,32,0.1
10251,48,21.67,57,0.0
10251,46,14.17,13,0.0
10252,16,44.2,2,0.0
10252,67,6.87,11,0.0
10253,30,48.43,21,0.0
10253,14,55.84,18,0.0
10254,19,8.42,9,0.0
10254,44,76.28,36,0.0
10254,2,13.37,6,0.0
10254,40,52.1,25,0.0
10255,73,29.75,130,0.05
10255,76,14.92,11,0.0
10255,30,48.43,22,0.05
10256,31,6.29,26,0.0
10257,72,16.3,23,0.05
10257,1,19.25,13,0.05
10257,51,11.83,9,0.1
10258,18,100.7,7,0.2
10259,13,13.16,13,0.0
10259,63,76.06,40,0.0
10259,27,10.32,10,0.05
10259,39,22.54,14,0.0
10259,45,12.98,13,0.2
10260,61,38.38,28,0.1
10260,30,48.43,11,0.0
10260,37,9.7,16,0.25
10260,67,6.87,31,0.0
10261,3,118.98,16,0.15
10261,34,13.14,10,0.0
10262,49,21.61,8,0.0
10262,39,22.54,23,0.05
10262,41,12.8,26,0.0
10262,50,29.4,21,0.0
10263,71,10.95,20,0.1
10263,43,13.57,18,0.1
10264,42,46.92,18,0.15
10264,31,6.29,12,0.0
10265,36,31.95,19,0.05
10265,33,71.55,19,0.15
10265,41,12.8,4,0.2
10266,37,9.7,11,0.1
10266,18,100.7,14,0.05
10266,77,3.18,4,0.0
10267,26,12.52,14,0.0
10267,19,8.42,17,0.0
10267,2,13.37,20,0.0
10268,46,14.17,9,0.0
10269,59,5.62,30,0.0
10269,41,12.8,5,0.0
10269,31,6.29,32,0.05
10269,22,42.52,12,0.05
10270,36,31.95,77,0.05
10270,54,74.59,74,0.0
10271,21,11.93,27,0.0
10271,4,13.6,34,0.0
10271,6,41.85,27,0.1
10272,26,12.52,4,0.05
10273,73,29.75,10,0.0
10273,54,74.59,43,0.0
10273,59,5.62,40,0.05
10273,2,13.37,26,0.0
10274,33,71.55,5,0.0
10274,9,9.78,22,0.15
10275,10,3.27,53,0.05
10275,75,37.64,8,0.0
10276,4,13.6,3,0.0
10276,40,52.1,8,0.04
10276,31,6.29,15,0.2
10276,23,13.66,130,0.0
10276,77,3.18,19,0.1
10277,65,33.29,10,0.0
10277,45,12.98,20,0.0
10277,48,21.67,24,0.1
10278,46,14.17,16,0.0
10278,44,76.28,13,0.0
10278,68,6.98,19,0.0
10278,76,14.92,10,0.1
10279,10,3.27,8,0.0
10279,55,30.47,11,0.05
10280,37,9.7,32,0.0
10280,5,26.71,64,0.0
10281,64,6.79,23,0.1
10281,14,55.84,6,0.0
10281,11,6.04,25,0.05
10281,27,10.32,22,0.0
10282,36,31.95,25,0.0
10282,11,6.04,28,0.04
10282,48,21.67,32,0.0
10282,41,12.8,17,0.1
10282,71,10.95,10,0.0
10283,54,74.59,20,0.25
10284,34,13.14,42,0.2
10285,7,26.46,11,0.0
10286,77,3.18,18,0.0
10286,68,6.98,34,0.2
10286,21,11.93,16,0.05
10287,15,53.07,10,0.0
10288,26,12.52,8,0.0
10288,46,14.17,25,0.1
10289,21,11.93,12,0.0
10289,68,6.98,73,0.15
10289,61,38.38,12,0.2
10289,11,6.04,32,0.0
10289,59,5.62,26,0.0
10290,56,13.07,105,0.0
10290,25,12.12,20,0.15
10291,47,6.32,8,0.0
10292,1,19.25,32,0.0
10292,48,21.67,38,0.04
10292,59,5.62,13,0.0
10292,47,6.32,14,0.0
10293,40,52.1,15,0.2
10293,7,26.46,12,0.0
10294,16,44.2,28,0.0
10294,17,21.79,60,0.0
10294,61,38.38,30,0.0
10294,3,118.98,48,0.0
10295,53,5.87,15,0.25
10295,9,9.78,6,0.05
10296,54,74.59,130,0.1
10296,21,11.93,8,0.0
10297,27,10.32,8,0.0
10297,56,13.07,22,0.0
10297,50,29.4,35,0.25
10298,74,6.51,21,0.0
10298,3,118.98,16,0.0
10298,17,21.79,7,0.0
10299,55,30.47,15,0.0
10299,63,76.06,12,0.0
10300,16,44.2,21,0.05
10300,54,74.59,3,0.0
10301,68,6.98,15,0.0
10301,9,9.78,11,0.05
10301,58,6.74,16,0.0
10301,76,14.92,14,0.0
10302,41,12.8,9,0.0
10302,72,16.3,14,0.0
10303,52,30.39,10,0.0
10303,37,9.7,10,0.0
10303,74,6.51,15,0.15
10304,32,16.72,18,0.05
10304,53,5.87,62,0.1
10305,55,30.47,11,0.15
10305,26,12.52,19,0.1
10305,33,71.55,63,0.05
10305,35,40.29,28,0.25
10306,51,11.83,72,0.1
10306,52,30.39,14,0.25
10306,56,13.07,27,0.05
10307,77,3.18,17,0.2
10307,64,6.79,2,0.0
10307,36,31.95,17,0.0
10308,33,71.55,18,0.15
10308,55,30.47,16,0.01
10309,47,6.32,12,0.15
10310,44,76.28,29,0.15
10310,49,21.61,48,0.0
10311,65,33.29,20,0.0
10311,22,42.52,27,0.05
10311,49,21.61,27,0.0
10312,72,16.3,26,0.0
10312,41,12.8,43,0.0
10312,36,31.95,4,0.15
10313,60,22.74,11,0.0
10313,72,16.3,25,0.05
10314,39,22.54,11,0.0
10314,40,52.1,33,0.0
10314,9,9.78,20,0.0
10315,14,55.84,35,0.0
10315,23,13.66,37,0.2
10315,57,15.65,34,0.0
10315,20,29.67,29,0.1
10316,1,19.25,28,0.0
10316,15,53.07,19,0.0
10316,3,118.98,22,0.0
10316,19,8.42,18,0.0
10317,72,16.3,18,0.0
10317,24,6.41,40,0.0
10317,49,21.61,29,0.0
10317,17,21.79,23,0.04
10318,10,3.27,12,0.1
10318,35,40.29,58,0.1
10319,31,6.29,7,0.25
10319,63,76.06,33,0.15
10319,40,52.1,10,0.0
10320,20,29.67,60,0.05
10321,21,11.93,9,0.0
10322,36,31.95,21,0.25
10322,75,37.64,68,0.15
10323,30,48.43,70,0.15
10323,34,13.14,26,0.15
10323,35,40.29,16,0.0
10324,72,16.3,4,0.05
10324,68,6.98,8,0.0
10325,75,37.64,26,0.0
10326,3,118.98,12,0.25
10326,9,9.78,27,0.0
10326,39,22.54,127,0.0
10326,47,6.32,130,0.0
10326,6,41.85,32,0.0
10327,42,46.92,13,0.15
10327,37,9.7,5,0.15
10328,67,6.87,39,0.02
10329,25,12.12,7,0.05
10329,13,13.16,16,0.2
10330,23,13.66,13,0.0
10330,22,42.52,18,0.2
10331,51,11.83,15,0.0
10332,18,100.7,15,0.0
10332,62,4.01,11,0.1
10333,72,16.3,15,0.1
10333,47,6.32,11,0.0
10334,7,26.46,16,0.05
10334,56,13.07,9,0.0
10334,25,12.12,26,0.1
10335,3,118.98,23,0.25
10335,48,21.67,40,0.0
10335,16,44.2,10,0.2
10336,28,19.54,49,0.0
10336,40,52.1,30,0.0
10337,19,8.42,130,0.0
10338,68,6.98,16,0.1
10338,76,14.92,11,0.0
10339,28,19.54,22,0.0
10339,16,44.2,21,0.0
10340,32,16.72,9,0.0
10340,21,11.93,41,0.0
10340,35,40.29,9,0.15
10341,18,100.7,74,0.15
10341,59,5.62,34,0.2
10341,1,19.25,33,0.15
10342,37,9.7,24,0.0
10342,62,4.01,90,0.2
10342,14,55.84,2,0.0
10343,31,6.29,8,0.2
10343,66,26.05,4,0.0
10343,16,44.2,22,0.0
10344,62,4.01,11,0.0
10344,39,22.54,3,0.0
10345,69,20.35,31,0.0
10345,30,48.43,20,0.0
10345,6,41.85,45,0.0
10345,11,6.04,7,0.15
10346,66,26.05,30,0.0
10346,57,15.65,27,0.05
10347,67,6.87,32,0.05
10347,39,22.54,13,0.0
10347,42,46.92,19,0.0
10348,70,9.83,15,0.0
10348,17,21.79,19,0.05
10349,39,22.54,11,0.0
10349,30,48.43,10,0.0
10349,20,29.67,10,0.0
10350,21,11.93,46,0.0
10351,2,13.37,38,0.2
10351,75,37.64,41,0.05
10351,6,41.85,2,0.0
10351,37,9.7,82,0.0
10352,4,13.6,17,0.0
10353,30,48.43,10,0.0
10354,29,25.47,30,0.0
10354,65,33.29,55,0.0
10354,61,38.38,35,0.05
10355,22,42.52,33,0.0
10355,12,19.83,8,0.0
10355,24,6.41,44,0.0
10355,68,6.98,79,0.0
10356,19,8.42,6,0.0
10357,44,76.28,14,0.0
10357,64,6.79,38,0.0
10358,54,74.59,14,0.15
10358,22,42.52,46,0.15
10358,48,21.67,26,0.0
10358,27,10.32,112,0.0
10359,48,21.67,21,0.15
10360,45,12.98,15,0.0
10361,4,13.6,32,0.0
10361,9,9.78,17,0.0
10361,43,13.57,18,0.1
10361,27,10.32,58,0.2
10362,4,13.6,82,0.0
10362,6,41.85,27,0.1
10362,61,38.38,17,0.0
10362,37,9.7,19,0.0
10363,15,53.07,3,0.0
10363,40,52.1,23,0.25
10364,69,20.35,44,0.0
10364,21,11.93,34,0.0
10364,28,19.54,70,0.0
10364,43,13.57,49,0.0
10365,5,26.71,3,0.0
10365,73,29.75,8,0.2
10366,41,12.8,28,0.15
10366,68,6.98,14,0.1
10366,55,30.47,36,0.05
10366,37,9.7,65,0.15
10367,48,21.67,82,0.15
10367,18,100.7,61,0.0
10368,61,38.38,4,0.1
10368,41,12.8,21,0.0
10369,51,11.83,18,0.05
10369,76,14.92,40,0.1
10369,27,10.32,14,0.0
10370,75,37.64,14,0.0
10370,36,31.95,15,0.05
10370,15,53.07,67,0.0
10370,38,19.91,26,0.1
10370,13,13.16,7,0.0
10371,68,6.98,35,0.0
10371,55,30.47,15,0.2
10372,51,11.83,50,0.0
10372,66,26.05,17,0.0
10373,23,13.66,25,0.0
10374,3,118.98,17,0.2
10374,20,29.67,11,0.05
10375,1,19.25,22,0.15
10375,27,10.32,17,0.05
10375,72,16.3,34,0.15
10376,14,55.84,19,0.1
10377,50,29.4,53,0.15
10377,10,3.27,4,0.0
10377,43,13.57,47,0.15
10377,59,5.62,21,0.25
10377,26,12.52,25,0.0
10378,63,76.06,42,0.0
10378,49,21.61,12,0.03
10379,8,91.65,24,0.0
10379,15,53.07,19,0.1
10380,1,19.25,102,0.2
10380,56,13.07,14,0.2
10381,60,22.74,4,0.0
10381,28,19.54,20,0.0
10381,66,26.05,18,0.0
10382,68,6.98,10,0.0
10382,55,30.47,24,0.0
10383,67,6.87,5,0.0
10384,55,30.47,13,0.0
10384,71,10.95,12,0.05
10385,8,91.65,20,0.15
10385,11,6.04,63,0.25
10385,23,13.66,13,0.0
10386,54,74.59,10,0.0
10386,34,13.14,55,0.0
10386,75,37.64,56,0.0
10386,70,9.83,19,0.0
10387,61,38.38,14,0.0
10387,66,26.05,7,0.15
10387,68,6.98,14,0.1
10388,21,11.93,44,0.0
10388,10,3.27,23,0.15
10389,69,20.35,37,0.0
10389,14,55.84,7,0.0
10389,36,31.95,14,0.0
10390,11,6.04,18,0.0
10390,70,9.83,130,0.0
10390,71,10.95,7,0.2
10391,20,29.67,18,0.0
10391,4,13.6,30,0.0
10391,13,13.16,31,0.0
10392,20,29.67,37,0.0
10392,62,4.01,71,0.0
10393,35,40.29,16,0.0
10393,3,118.98,7,0.0
10393,24,6.41,12,0.05
10394,40,52.1,19,0.0
10394,68,6.98,15,0.0
10395,12,19.83,32,0.1
10396,13,13.16,23,0.1
10396,27,10.32,17,0.1
10396,46,14.17,18,0.0
10396,11,6.04,31,0.0
10397,53,5.87,20,0.05
10398,49,21.61,55,0.0
10398,9,9.78,22,0.0
10399,2,13.37,18,0.0
10399,17,21.79,14,0.05
10400,6,41.85,12,0.0
10401,3,118.98,11,0.0
10401,9,9.78,13,0.15
10401,49,21.61,25,0.0
10402,1,19.25,46,0.1
10402,71,10.95,32,0.0
10402,77,3.18,16,0.0
10403,72,16.3,6,0.0
10403,19,8.42,15,0.2
10403,4,13.6,32,0.0
10403,76,14.92,20,0.0
10404,73,29.75,4,0.0
10404,11,6.04,61,0.0
10405,38,19.91,31,0.1
10406,4,13.6,30,0.0
10406,16,44.2,16,0.0
10406,44,76.28,42,0.0
10407,73,29.75,50,0.0
10407,19,8.42,41,0.05
10407,45,12.98,12,0.0
10407,76,14.92,7,0.05
10408,53,5.87,14,0.2
10408,63,76.06,16,0.0
10408,6,41.85,13,0.0
10409,60,22.74,16,0.0
10409,8,91.65,9,0.1
10410,50,29.4,14,0.0
10410,29,25.47,83,0.0
10410,72,16.3,6,0.0
10410,52,30.39,27,0.0
10411,48,21.67,7,0.04
10411,15,53.07,28,0.1
10412,76,14.92,23,0.0
10412,73,29.75,34,0.0
10413,4,13.6,34,0.0
10413,32,16.72,7,0.2
10414,4,13.6,14,0.05
10414,18,100.7,18,0.0
10415,49,21.61,17,0.2
10415,1,19.25,21,0.0
10415,62,4.01,14,0.0
10415,34,13.14,11,0.0
10416,64,6.79,8,0.0
10416,22,42.52,8,0.0
10416,29,25.47,30,0.2
10416,46,14.17,50,0.2
10417,76,14.92,20,0.0
10417,6,41.85,4,0.15
10418,52,30.39,63,0.05
10419,36,31.95,22,0.0
10419,20,29.67,24,0.0
10419,52,30.39,15,0.0
10419,33,71.55,27,0.0
10420,6,41.85,39,0.15
10420,14,55.84,19,0.0
10420,55,30.47,14,0.0
10421,38,19.91,18,0.05
10421,55,30.47,27,0.15
10421,7,26.46,17,0.0
10421,36,31.95,14,0.0
10422,57,15.65,16,0.05
10422,67,6.87,4,0.0
10422,21,11.93,12,0.05
10423,18,100.7,7,0.0
10423,49,21.61,15,0.15
10424,67,6.87,18,0.0
10424,9,9.78,13,0.2
10424,50,29.4,25,0.05
10424,49,21.61,17,0.0
10425,73,29.75,23,0.25
10425,46,14.17,5,0.2
10425,64,6.79,17,0.0
10425,54,74.59,16,0.0
10426,72,16.3,35,0.25
10426,29,25.47,83,0.0
10426,27,10.32,46,0.0
10426,15,53.07,29,0.0
10427,52,30.39,22,0.0
10428,22,42.52,54,0.0
10428,26,12.52,18,0.1
10428,73,29.75,54,0.15
10429,35,40.29,9,0.2
10429,8,91.65,9,0.0
10430,3,118.98,30,0.0
10430,56,13.07,39,0.05
10430,22,42.52,6,0.2
10431,64,6.79,34,0.0
10431,68,6.98,40,0.0
10431,27,10.32,12,0.25
10432,2,13.37,9,0.05
10432,55,30.47,70,0.0
10432,70,9.83,35,0.0
10433,59,5.62,16,0.0
10433,49,21.61,23,0.05
10434,68,6.98,14,0.0
10435,30,48.43,26,0.0
10436,53,5.87,10,0.0
10436,38,19.91,22,0.0
10437,9,9.78,27,0.05
10437,35,40.29,17,0.0
10437,28,19.54,26,0.0
10437,26,12.52,24,0.0
10437,29,25.47,18,0.0
10437,38,19.91,12,0.0
10438,45,12.98,26,0.0
10438,19,8.42,34,0.05
10438,20,29.67,18,0.0
10439,3,118.98,13,0.0
10440,60,22.74,9,0.0
10440,43,13.57,44,0.0
10441,47,6.32,37,0.05
10441,53,5.87,13,0.0
10442,60,22.74,10,0.0
10442,3,118.98,57,0.0
10443,13,13.16,5,0.0
10443,10,3.27,14,0.0
10444,25,12.12,3,0.15
10445,29,25.47,30,0.05
10445,47,6.32,130,0.05
10445,41,12.8,30,0.0
10446,37,9.7,39,0.0
10446,39,22.54,40,0.0
10447,11,6.04,7,0.05
10447,49,21.61,13,0.25
10447,50,29.4,33,0.0
10448,2,13.37,12,0.0
10448,4,13.6,35,0.0
10449,64,6.79,29,0.2
10449,61,38.38,5,0.2
10449,37,9.7,11,0.15
10450,60,22.74,95,0.0
10451,71,10.95,15,0.05
10451,8,91.65,38,0.0
10451,66,26.05,11,0.2
10452,28,19.54,15,0.2
10452,72,16.3,28,0.15
10452,53,5.87,9,0.25
10453,64,6.79,21,0.05
10453,32,16.72,36,0.0
10454,25,12.12,9,0.05
10454,33,71.55,7,0.0
10455,27,10.32,7,0.15
10456,16,44.2,24,0.0
10456,20,29.67,18,0.0
10456,29,25.47,21,0.0
10456,50,29.4,13,0.2
10457,63,76.06,8,0.0
10457,72,16.3,7,0.0
10457,8,91.65,51,0.0
10458,18,100.7,26,0.0
10458,27,10.32,31,0.0
10458,54,74.59,83,0.0
10459,71,10.95,24,0.0
10459,12,19.83,57,0.0
10460,21,11.93,9,0.0
10460,20,29.67,14,0.0
10460,72,16.3,5,0.0
10460,61,38.38,3,0.0
10461,22,42.52,10,0.0
10461,31,6.29,51,0.0
10461,52,30.39,27,0.05
10462,21,11.93,48,0.0
10462,11,6.04,8,0.15
10463,5,26.71,15,0.0
10463,40,52.1,5,0.05
10463,13,13.16,40,0.05
10464,58,6.74,6,0.0
10464,19,8.42,4,0.05
10465,17,21.79,12,0.15
10465,55,30.47,21,0.0
10466,63,76.06,11,0.2
10467,26,12.52,101,0.2
10467,46,14.17,16,0.25
10468,54,74.59,27,0.0
10468,26,12.52,56,0.05
10469,35,40.29,14,0.0
10469,27,10.32,23,0.0
10470,8,91.65,7,0.0
10470,20,29.67,2,0.15
10470,76,14.92,28,0.05
10471,60,22.74,21,0.0
10472,48,21.67,23,0.05
10472,70,9.83,17,0.0
10473,72,16.3,26,0.0
10474,72,16.3,8,0.0
10474,41,12.8,13,0.05
10474,19,8.42,24,0.0
10474,53,5.87,35,0.25
10474,71,10.95,24,0.0
10475,66,26.05,116,0.0
10475,7,26.46,19,0.05
10475,27,10.32,130,0.25
10475,65,33.29,5,0.0
10476,31,6.29,19,0.2
10476,27,10.32,52,0.0
10477,14,55.84,16,0.0
10478,31,6.29,33,0.0
10478,30,48.43,4,0.15
10478,17,21.79,88,0.05
10478,16,44.2,16,0.0
10479,40,52.1,38,0.0
10480,53,5.87,8,0.1
10480,47,6.32,105,0.0
10481,19,8.42,36,0.0
10482,34,13.14,31,0.0
10483,18,100.7,29,0.0
10483,50,29.4,12,0.1
10483,35,40.29,18,0.0
10484,2,13.37,26,0.0
10485,20,29.67,28,0.2
10485,26,12.52,25,0.1
10486,51,11.83,16,0.0
10486,63,76.06,16,0.15
10487,35,40.29,23,0.0
10487,19,8.42,32,0.1
10487,23,13.66,7,0.05
10487,9,9.78,2,0.0
10488,71,10.95,9,0.05
10488,41,12.8,13,0.0
10488,19,8.42,33,0.0
10489,52,30.39,31,0.0
10489,5,26.71,6,0.25
10489,2,13.37,16,0.0
10489,77,3.18,28,0.0
10489,47,6.32,11,0.1
10490,58,6.74,32,0.25
10490,68,6.98,47,0.0
10490,44,76.28,23,0.05
10490,36,31.95,3,0.0
10490,18,100.7,17,0.0
10491,53,5.87,20,0.2
10491,43,13.57,31,0.0
10491,20,29.67,19,0.0
10492,39,22.54,13,0.0
10492,12,19.83,4,0.0
10492,10,3.27,6,0.0
10493,17,21.79,27,0.0
10493,12,19.83,8,0.0
10494,52,30.39,55,0.15
10494,10,3.27,5,0.0
10494,9,9.78,12,0.0
10495,48,21.67,15,0.0
10496,18,100.7,62,0.25
10497,21,11.93,34,0.0
10497,38,19.91,25,0.0
10497,40,52.1,8,0.0
10498,25,12.12,36,0.0
10498,36,31.95,10,0.0
10499,8,91.65,23,0.0
10499,44,76.28,61,0.0
10500,17,21.79,24,0.2
10500,47,6.32,16,0.0
10500,67,6.87,23,0.01
10500,33,71.55,22,0.0
10500,6,41.85,27,0.1
10500,19,8.42,11,0.0
10501,75,37.64,17,0.0
10501,36,31.95,11,0.0
10501,41,12.8,10,0.1
10501,11,6.04,9,0.0
10502,46,14.17,66,0.0
10502,76,14.92,13,0.15
10502,41,12.8,27,0.2
10502,38,19.91,19,0.05
10503,39,22.54,13,0.0
10503,10,3.27,38,0.05
10503,16,44.2,28,0.0
10503,31,6.29,44,0.0
10504,28,19.54,10,0.15
10504,66,26.05,42,0.0
10504,18,100.7,13,0.1
10505,20,29.67,4,0.0
10505,30,48.43,5,0.0
10506,45,12.98,15,0.0
10506,60,22.74,8,0.2
10506,25,12.12,20,0.05
10507,76,14.92,22,0.15
10507,9,9.78,41,0.0
10507,64,6.79,17,0.25
10508,61,38.38,85,0.15
10508,8,91.65,118,0.25
10508,3,118.98,25,0.0
10509,48,21.67,12,0.15
10509,64,6.79,26,0.0
10509,13,13.16,25,0.0
10509,75,37.64,21,0.05
10510,18,100.7,35,0.15
10510,65,33.29,16,0.0
10511,39,22.54,49,0.0
10511,47,6.32,52,0.0
10511,45,12.98,42,0.0
10512,27,10.32,5,0.05
10512,9,9.78,38,0.0
10512,74,6.51,5,0.0
10513,37,9.7,51,0.15
10513,20,29.67,19,0.0
10513,43,13.57,54,0.0
10513,36,31.95,103,0.0
10514,10,3.27,24,0.0
10514,49,21.61,27,0.0
10514,9,9.78,4,0.0
10514,62,4.01,12,0.0
10515,2,13.37,41,0.0
10515,43,13.57,11,0.0
10515,64,6.79,29,0.2
10516,28,19.54,130,0.0
10516,59,5.62,6,0.0
10517,77,3.18,14,0.0
10517,52,30.39,4,0.0
10517,6,41.85,41,0.0
10518,22,42.52,34,0.1
10518,37,9.7,10,0.05
10518,72,16.3,9,0.0
10519,11,6.04,5,0.1
10519,51,11.83,36,0.1
10519,62,4.01,56,0.02
10520,39,22.54,8,0.0
10520,51,11.83,28,0.0
10521,58,6.74,17,0.15
10521,65,33.29,34,0.0
10522,71,10.95,24,0.01
10523,63,76.06,14,0.0
10523,50,29.4,29,0.25
10523,21,11.93,22,0.2
10523,69,20.35,27,0.05
10524,5,26.71,17,0.05
10525,18,100.7,36,0.0
10525,13,13.16,41,0.05
10525,72,16.3,33,0.0
10526,28,19.54,75,0.0
10527,60,22.74,23,0.0
10527,51,11.83,65,0.0
10528,12,19.83,8,0.0
10528,73,29.75,3,0.0
10529,51,11.83,21,0.0
10529,57,15.65,37,0.0
10530,51,11.83,74,0.0
10530,66,26.05,7,0.2
10531,58,6.74,34,0.0
10531,10,3.27,12,0.0
10532,23,13.66,69,0.25
10532,36,31.95,57,0.1
10532,32,16.72,17,0.0
10533,51,11.83,4,0.05
10534,49,21.61,20,0.0
10535,33,71.55,7,0.0
10536,45,12.98,12,0.05
10536,68,6.98,31,0.0
10536,36,31.95,30,0.0
10536,14,55.84,18,0.0
10537,54,74.59,17,0.0
10537,26,12.52,5,0.2
10537,57,15.65,6,0.0
10538,66,26.05,31,0.05
10538,50,29.4,28,0.25
10539,6,41.85,11,0.15
10539,15,53.07,13,0.2
10540,27,10.32,23,0.0
10540,69,20.35,31,0.05
10541,56,13.07,10,0.2
10541,23,13.66,25,0.15
10541,47,6.32,17,0.2
10542,76,14.92,25,0.0
10542,35,40.29,14,0.0
10542,38,19.91,17,0.0
10542,30,48.43,27,0.2
10542,25,12.12,70,0.05
10543,47,6.32,37,0.2
10543,69,20.35,20,0.05
10543,63,76.06,14,0.0
10544,23,13.66,18,0.0
10544,12,19.83,56,0.0
10544,25,12.12,21,0.05
10545,26,12.52,10,0.0
10546,52,30.39,18,0.0
10546,76,14.92,7,0.0
10547,56,13.07,17,0.25
10547,12,19.83,7,0.2
10547,9,9.78,16,0.2
10548,36,31.95,51,0.0
10548,11,6.04,31,0.0
10549,67,6.87,18,0.0
10549,20,29.67,28,0.05
10549,43,13.57,20,0.0
10549,71,10.95,22,0.0
10550,19,8.42,37,0.0
10550,9,9.78,7,0.0
10550,31,6.29,10,0.0
10550,39,22.54,13,0.2
10551,53,5.87,28,0.0
10551,24,6.41,23,0.0
10551,44,76.28,26,0.0
10551,69,20.35,24,0.0
10552,17,21.79,7,0.1
10552,76,14.92,29,0.0
10553,56,13.07,10,0.0
10553,49,21.61,15,0.0
10553,21,11.93,50,0.0
10553,70,9.83,44,0.1
10554,4,13.6,5,0.05
10555,1,19.25,47,0.0
10555,51,11.83,5,0.0
10555,28,19.54,40,0.2
10556,3,118.98,14,0.05
10556,57,15.65,26,0.0
10556,22,42.52,26,0.0
10557,14,55.84,21,0.0
10558,75,37.64,23,0.0
10558,34,13.14,7,0.0
10559,20,29.67,31,0.0
10559,42,46.92,14,0.06
10559,27,10.32,40,0.0
10560,4,13.6,10,0.0
10560,27,10.32,20,0.0
10560,52,30.39,7,0.0
10561,52,30.39,18,0.0
10561,73,29.75,90,0.15
10561,58,6.74,17,0.0
10562,1,19.25,24,0.15
10562,23,13.66,10,0.0
10562,52,30.39,29,0.2
10563,26,12.52,15,0.0
10563,39,22.54,46,0.15
10563,51,11.83,14,0.0
10563,24,6.41,8,0.0
10564,58,6.74,14,0.1
10565,69,20.35,15,0.0
10565,25,12.12,26,0.0
10565,28,19.54,22,0.0
10566,58,6.74,38,0.0
10566,65,33.29,36,0.05
10567,51,11.83,24,0.0
10567,17,21.79,10,0.25
10567,73,29.75,10,0.0
10568,27,10.32,21,0.25
10568,73,29.75,44,0.0
10568,2,13.37,21,0.0
10568,42,46.92,9,0.0
10569,49,21.61,10,0.0
10569,24,6.41,23,0.0
10570,70,9.83,38,0.0
10571,47,6.32,33,0.0
10571,2,13.37,9,0.05
10571,38,19.91,45,0.0
10572,69,20.35,12,0.0
10572,60,22.74,13,0.0
10573,42,46.92,70,0.1
10573,70,9.83,51,0.0
10574,51,11.83,15,0.05
10574,20,29.67,7,0.0
10575,73,29.75,109,0.05
10575,49,21.61,7,0.0
10576,8,91.65,16,0.0
10576,16,44.2,2,0.15
10576,33,71.55,59,0.0
10577,58,6.74,4,0.0
10577,23,13.66,21,0.0
10578,38,19.91,4,0.0
10578,44,76.28,13,0.0
10578,67,6.87,7,0.1
10578,35,40.29,48,0.0
10579,12,19.83,6,0.05
10579,6,41.85,24,0.0
10580,12,19.83,11,0.0
10580,52,30.39,19,0.0
10580,34,13.14,28,0.0
10580,55,30.47,11,0.15
10581,9,9.78,22,0.0
10581,64,6.79,10,0.03
10582,37,9.7,11,0.05
10582,13,13.16,14,0.2
10582,66,26.05,103,0.05
10583,65,33.29,28,0.0
10583,60,22.74,36,0.2
10584,17,21.79,7,0.0
10584,33,71.55,41,0.0
10584,6,41.85,23,0.15
10584,21,11.93,15,0.05
10585,66,26.05,49,0.05
10585,22,42.52,29,0.05
10585,50,29.4,10,0.05
10586,57,15.65,38,0.15
10586,60,22.74,68,0.0
10586,8,91.65,37,0.0
10587,76,14.92,7,0.1
10587,39,22.54,34,0.0
10588,35,40.29,7,0.1
10588,61,38.38,48,0.0
10589,24,6.41,20,0.0
10589,66,26.05,70,0.0
10590,77,3.18,26,0.2
10590,38,19.91,17,0.0
10591,12,19.83,130,0.05
10591,34,13.14,38,0.0
10591,11,6.04,5,0.0
10591,42,46.92,25,0.0
10592,56,13.07,40,0.0
10593,37,9.7,4,0.2
10593,44,76.28,28,0.15
10593,7,26.46,6,0.1
10593,25,12.12,36,0.0
10594,34,13.14,11,0.0
10594,33,71.55,30,0.0
10594,58,6.74,11,0.0
10595,73,29.75,60,0.0
10595,63,76.06,67,0.0
10595,46,14.17,15,0.0
10596,63,76.06,6,0.0
10596,72,16.3,61,0.0
10596,7,26.46,19,0.0
10597,50,29.4,6,0.15
10597,63,76.06,15,0.05
10598,42,46.92,37,0.0
10598,12,19.83,78,0.0
10599,60,22.74,71,0.05
10599,7,26.46,53,0.0
10600,48,21.67,5,0.15
10600,73,29.75,3,0.0
10601,10,3.27,16,0.2
10601,68,6.98,6,0.0
10602,35,40.29,15,0.0
10602,69,20.35,11,0.0
10602,70,9.83,8,0.0
10602,2,13.37,6,0.0
10603,7,26.46,12,0.05
10603,70,9.83,37,0.0
10603,77,3.18,26,0.0
10604,57,15.65,6,0.0
10604,2,13.37,17,0.0
10604,21,11.93,41,0.0
10605,17,21.79,26,0.0
10605,30,48.43,23,0.03
10606,12,19.83,36,0.0
10606,36,31.95,6,0.05
10607,5,26.71,31,0.15
10607,70,9.83,11,0.0
10608,67,6.87,14,0.0
10609,66,26.05,19,0.0
10609,23,13.66,67,0.0
10610,73,29.75,17,0.0
10610,49,21.61,32,0.04
10611,20,29.67,21,0.0
10611,19,8.42,41,0.0
10612,53,5.87,14,0.0
10612,50,29.4,12,0.0
10613,38,19.91,30,0.0
10614,2,13.37,33,0.0
10614,3,118.98,35,0.0
10615,17,21.79,33,0.1
10615,62,4.01,5,0.0
10616,75,37.64,56,0.0
10616,49,21.61,12,0.1
10617,55,30.47,16,0.05
10618,49,21.61,20,0.0
10618,72,16.3,54,0.15
10618,28,19.54,19,0.1
10618,2,13.37,17,0.05
10619,1,19.25,9,0.05
10619,35,40.29,11,0.05
10619,46,14.17,29,0.0
10619,32,16.72,23,0.0
10620,55,30.47,6,0.15
10620,68,6.98,20,0.0
10620,21,11.93,17,0.0
10621,27,10.32,60,0.15
10621,49,21.61,23,0.2
10622,8,91.65,30,0.05
10622,69,20.35,23,0.15
10622,10,3.27,17,0.15
10623,17,21.79,13,0.0
10623,39,22.54,59,0.0
10623,77,3.18,10,0.0
10623,63,76.06,95,0.0
10624,20,29.67,8,0.0
10625,18,100.7,77,0.15
10625,20,29.67,7,0.15
10625,25,12.12,5,0.0
10625,60,22.74,16,0.0
10626,49,21.61,28,0.0
10626,38,19.91,18,0.25
10626,68,6.98,17,0.05
10627,69,20.35,3,0.0
10627,2,13.37,97,0.0
10627,49,21.61,33,0.05
10627,74,6.51,29,0.0
10628,51,11.83,13,0.0
10628,13,13.16,21,0.0
10628,52,30.39,28,0.1
10629,71,10.95,19,0.0
10629,24,6.41,9,0.0
10630,72,16.3,11,0.0
10630,45,12.98,43,0.1
10630,14,55.84,10,0.0
10631,71,10.95,3,0.0
10631,76,14.92,27,0.0
10631,36,31.95,9,0.2
10632,43,13.57,7,0.0
10632,17,21.79,10,0.2
10632,23,13.66,27,0.25
10632,25,12.12,4,0.0
10633,13,13.16,20,0.0
10634,5,26.71,7,0.0
10634,66,26.05,34,0.0
10634,7,26.46,130,0.25
10634,68,6.98,16,0.0
10635,14,55.84,41,0.0
10635,53,5.87,21,0.2
10635,50,29.4,23,0.0
10636,12,19.83,5,0.0
10637,70,9.83,91,0.1
10638,6,41.85,17,0.0
10638,46,14.17,45,0.0
10638,50,29.4,15,0.0
10639,20,29.67,19,0.0
10639,64,6.79,13,0.0
10640,29,25.47,11,0.15
10640,4,13.6,109,0.0
10640,34,13.14,22,0.0
10641,16,44.2,49,0.0
10641,71,10.95,23,0.1
10642,6,41.85,83,0.0
10642,67,6.87,22,0.0
10642,41,12.8,6,0.0
10642,13,13.16,23,0.15
10642,19,8.42,28,0.05
10643,48,21.67,12,0.0
10643,60,22.74,14,0.05
10643,67,6.87,45,0.0
10644,2,13.37,8,0.0
10644,19,8.42,35,0.0
10644,22,42.52,20,0.0
10644,25,12.12,21,0.05
10645,33,71.55,63,0.1
10645,5,26.71,20,0.0
10645,58,6.74,24,0.25
10645,72,16.3,22,0.0
10645,62,4.01,6,0.0
10646,21,11.93,53,0.0
10646,23,13.66,12,0.0
10646,71,10.95,34,0.0
10646,16,44.2,5,0.05
10647,33,71.55,20,0.25
10647,34,13.14,45,0.1
10648,56,13.07,27,0.0
10648,16,44.2,5,0.0
10648,51,11.83,10,0.2
10649,19,8.42,33,0.0
10649,68,6.98,13,0.0
10650,10,3.27,12,0.0
10650,6,41.85,11,0.0
10650,63,76.06,21,0.1
10651,71,10.95,32,0.25
10651,13,13.16,7,0.1
10652,1,19.25,18,0.0
10652,39,22.54,4,0.0
10652,38,19.91,13,0.0
10653,32,16.72,9,0.0
10653,4,13.6,48,0.0
10654,36,31.95,31,0.05
10654,9,9.78,43,0.0
10654,39,22.54,11,0.0
10654,22,42.52,16,0.04
10655,18,100.7,5,0.0
10655,32,16.72,25,0.0
10656,38,19.91,53,0.0
10656,41,12.8,17,0.05
10657,75,37.64,20,0.0
10657,22,42.52,14,0.0
10657,23,13.66,18,0.15
10657,46,14.17,47,0.0
10657,73,29.75,10,0.05
10658,5,26.71,19,0.0
10658,15,53.07,20,0.0
10658,9,9.78,5,0.15
10658,49,21.61,18,0.25
10659,12,19.83,8,0.0
10659,28,19.54,29,0.2
10659,21,11.93,16,0.05
10660,75,37.64,121,0.0
10661,55,30.47,9,0.0
10661,20,29.67,34,0.0
10661,69,20.35,35,0.0
10662,40,52.1,41,0.05
10662,62,4.01,37,0.2
10663,62,4.01,11,0.1
10663,23,13.66,18,0.2
10664,62,4.01,8,0.0
10664,49,21.61,17,0.0
10665,50,29.4,21,0.1
10665,51,11.83,7,0.0
10665,35,40.29,40,0.0
10665,10,3.27,33,0.0
10666,16,44.2,46,0.25
10667,25,12.12,29,0.0
10667,46,14.17,85,0.0
10667,61,38.38,76,0.0
10668,51,11.83,18,0.05
10668,50,29.4,13,0.0
10668,18,100.7,87,0.05
10669,43,13.57,18,0.05
10669,38,19.91,36,0.0
10669,69,20.35,64,0.0
10669,26,12.52,52,0.0
10669,5,26.71,33,0.0
10670,72,16.3,5,0.15
10670,36,31.95,38,0.0
10670,46,14.17,6,0.05
10671,38,19.91,55,0.0
10671,18,100.7,7,0.0
10671,43,13.57,29,0.0
10672,21,11.93,9,0.1
10672,20,29.67,9,0.0
10673,25,12.12,59,0.0
10673,56,13.07,8,0.05
10673,14,55.84,5,0.0
10673,40,52.1,12,0.0
10674,63,76.06,8,0.06
10674,47,6.32,16,0.05
10674,50,29.4,89,0.0
10675,66,26.05,4,0.0
10675,42,46.92,11,0.0
10675,51,11.83,17,0.2
10676,68,6.98,29,0.0
10676,6,41.85,7,0.0
10676,49,21.61,14,0.2
10677,13,13.16,6,0.0
10677,32,16.72,36,0.05
10677,16,44.2,13,0.0
10678,14,55.84,13,0.0
10679,26,12.52,7,0.05
10679,28,19.54,16,0.0
10679,33,71.55,53,0.0
10680,4,13.6,7,0.0
10680,15,53.07,37,0.05
10681,58,6.74,16,0.0
10681,30,48.43,22,0.25
10682,54,74.59,30,0.0
10682,14,55.84,83,0.0
10682,62,4.01,58,0.02
10683,59,5.62,60,0.0
10683,27,10.32,13,0.0
10683,37,9.7,8,0.0
10683,3,118.98,19,0.05
10684,16,44.2,29,0.05
10684,32,16.72,24,0.0
10684,62,4.01,32,0.25
10684,18,100.7,22,0.0
10685,30,48.43,32,0.2
10685,27,10.32,15,0.0
10685,65,33.29,27,0.15
10686,15,53.07,20,0.0
10686,53,5.87,29,0.0
10687,66,26.05,13,0.0
10687,63,76.06,69,0.0
10688,49,21.61,36,0.0
10688,37,9.7,14,0.0
10689,20,29.67,44,0.0
10690,53,5.87,9,0.0
10690,27,10.32,11,0.0
10690,58,6.74,28,0.05
10691,4,13.6,62,0.0
10691,57,15.65,22,0.0
10691,33,71.55,5,0.0
10691,18,100.7,4,0.02
10692,62,4.01,12,0.15
10692,22,42.52,4,0.0
10692,40,52.1,52,0.25
10692,10,3.27,9,0.0
10693,14,55.84,79,0.0
10693,27,10.32,10,0.1
10693,50,29.4,45,0.0
10693,72,16.3,12,0.1
10694,72,16.3,29,0.0
10694,67,6.87,44,0.0
10695,18,100.7,25,0.0
10695,69,20.35,56,0.2
10696,76,14.92,7,0.0
10697,48,21.67,18,0.05
10697,9,9.78,12,0.0
10697,6,41.85,37,0.0
10698,25,12.12,8,0.1
10699,35,40.29,29,0.0
10699,72,16.3,12,0.05
10700,57,15.65,6,0.0
10701,75,37.64,6,0.0
10701,77,3.18,40,0.0
10702,67,6.87,29,0.0
10702,20,29.67,22,0.0
10702,35,40.29,36,0.0
10703,6,41.85,28,0.0
10704,39,22.54,26,0.25
10705,63,76.06,21,0.25
10705,74,6.51,23,0.2
10706,12,19.83,37,0.0
10706,28,19.54,22,0.05
10707,75,37.64,7,0.15
10707,70,9.83,71,0.2
10708,31,6.29,27,0.15
10708,75,37.64,5,0.05
10708,12,19.83,30,0.0
10708,76,14.92,6,0.1
10709,63,76.06,8,0.0
10709,51,11.83,14,0.2
10709,7,26.46,16,0.0
10709,57,15.65,29,0.0
10710,56,13.07,50,0.25
10710,67,6.87,10,0.0
10710,23,13.66,20,0.0
10711,51,11.83,21,0.0
10711,2,13.37,23,0.0
10711,20,29.67,29,0.25
10712,2,13.37,12,0.25
10712,24,6.41,19,0.15
10712,54,74.59,38,0.0
10713,53,5.87,14,0.0
10713,57,15.65,12,0.0
10714,6,41.85,30,0.1
10714,52,30.39,11,0.0
10714,1,19.25,45,0.05
10714,36,31.95,22,0.2
10715,70,9.83,18,0.0
10716,69,20.35,20,0.0
10716,50,29.4,5,0.0
10716,45,12.98,8,0.0
10717,42,46.92,39,0.0
10718,71,10.95,12,0.0
10718,1,19.25,34,0.0
10719,53,5.87,10,0.0
10719,72,16.3,49,0.0
10719,28,19.54,44,0.0
10719,63,76.06,37,0.0
10719,36,31.95,9,0.1
10720,45,12.98,6,0.05
10720,62,4.01,18,0.0
10721,20,29.67,17,0.0
10721,62,4.01,23,0.25
10721,23,13.66,55,0.0
10721,25,12.12,27,0.0
10722,19,8.42,36,0.15
10722,11,6.04,17,0.0
10723,11,6.04,15,0.0
10723,62,4.01,8,0.0
10723,15,53.07,9,0.0
10723,27,10.32,16,0.02
10724,68,6.98,26,0.0
10724,18,100.7,9,0.05
10725,41,12.8,5,0.0
10725,8,91.65,8,0.05
10725,22,42.52,82,0.0
10726,44,76.28,6,0.0
10727,67,6.87,4,0.0
10727,57,15.65,15,0.05
10727,12,19.83,28,0.0
10728,67,6.87,23,0.2
10728,33,71.55,130,0.15
10729,34,13.14,7,0.2
10729,66,26.05,52,0.0
10729,36,31.95,16,0.25
10730,59,5.62,29,0.0
10730,20,29.67,14,0.01
10730,55,30.47,16,0.0
10731,69,20.35,5,0.25
10732,60,22.74,16,0.1
10732,50,29.4,34,0.0
10732,37,9.7,36,0.0
10733,5,26.71,43,0.05
10733,26,12.52,37,0.0
10733,64,6.79,42,0.05
10734,22,42.52,19,0.15
10734,61,38.38,9,0.0
10734,59,5.62,9,0.05
10735,40,52.1,39,0.1
10735,47,6.32,16,0.0
10736,49,21.61,31,0.0
10736,52,30.39,35,0.1
10736,36,31.95,23,0.0
10736,4,13.6,32,0.0
10737,64,6.79,16,0.05
10738,49,21.61,107,0.05
10738,30,48.43,59,0.0
10738,6,41.85,7,0.0
10738,21,11.93,23,0.15
10739,65,33.29,49,0.06
10739,63,76.06,35,0.0
10739,41,12.8,11,0.0
10739,66,26.05,12,0.0
10740,25,12.12,21,0.05
10740,2,13.37,32,0.0
10741,62,4.01,7,0.0
10741,54,74.59,16,0.05
10742,6,41.85,119,0.05
10743,68,6.98,17,0.1
10743,34,13.14,18,0.25
10743,74,6.51,40,0.0
10744,1,19.25,4,0.0
10744,48,21.67,7,0.15
10745,35,40.29,39,0.0
10745,11,6.04,26,0.0
10745,3,118.98,27,0.2
10746,22,42.52,12,0.0
10746,25,12.12,8,0.0
10746,69,20.35,21,0.0
10746,60,22.74,54,0.2
10747,26,12.52,14,0.06
10747,44,76.28,32,0.0
10747,39,22.54,5,0.05
10748,69,20.35,22,0.05
10748,6,41.85,130,0.0
10748,64,6.79,31,0.04
10748,68,6.98,22,0.0
10748,33,71.55,5,0.0
10749,8,91.65,73,0.05
10749,24,6.41,13,0.0
10749,58,6.74,6,0.0
10749,62,4.01,13,0.0
10750,4,13.6,24,0.0
10750,49,21.61,4,0.0
10750,53,5.87,20,0.0
10750,33,71.55,9,0.25
10751,13,13.16,18,0.25
10751,56,13.07,8,0.0
10752,71,10.95,27,0.0
10753,77,3.18,21,0.2
10753,12,19.83,8,0.0
10754,21,11.93,15,0.05
10755,39,22.54,22,0.1
10755,18,100.7,8,0.0
10755,66,26.05,15,0.0
10756,39,22.54,8,0.05
10756,64,6.79,34,0.0
10756,67,6.87,116,0.04
10757,56,13.07,37,0.15
10757,74,6.51,8,0.0
10758,15,53.07,5,0.1
10758,13,13.16,21,0.1
10758,46,14.17,22,0.0
10758,35,40.29,14,0.0
10758,55,30.47,11,0.15
10759,43,13.57,9,0.15
10759,60,22.74,9,0.0
10760,21,11.93,32,0.0
10760,60,22.74,8,0.2
10760,73,29.75,51,0.0
10760,66,26.05,35,0.0
10760,54,74.59,11,0.0
10760,48,21.67,16,0.0
10761,64,6.79,56,0.0
10761,2,13.37,43,0.15
10761,58,6.74,14,0.0
10761,26,12.52,13,0.05
10761,12,19.83,7,0.0
10762,5,26.71,9,0.05
10762,38,19.91,24,0.05
10762,37,9.7,10,0.0
10762,31,6.29,32,0.0
10763,11,6.04,17,0.0
10763,61,38.38,5,0.0
10763,44,76.28,7,0.05
10763,50,29.4,11,0.1
10764,19,8.42,12,0.0
10764,64,6.79,46,0.0
10765,5,26.71,26,0.04
10765,32,16.72,32,0.0
10765,63,76.06,11,0.05
10766,52,30.39,31,0.0
10766,57,15.65,3,0.25
10766,77,3.18,38,0.0
10767,19,8.42,5,0.0
10767,1,19.25,63,0.0
10767,17,21.79,24,0.0
10767,32,16.72,6,0.02
10768,26,12.52,53,0.0
10768,75,37.64,11,0.1
10768,24,6.41,14,0.05
10768,56,13.07,130,0.0
10769,45,12.98,29,0.2
10769,4,13.6,16,0.15
10769,69,20.35,13,0.0
10769,59,5.62,47,0.05
10770,37,9.7,108,0.1
10770,31,6.29,9,0.0
10770,19,8.42,11,0.05
10770,5,26.71,15,0.15
10771,31,6.29,9,0.0
10771,28,19.54,52,0.0
10772,56,13.07,15,0.0
10772,7,26.46,27,0.15
10772,33,71.55,70,0.04
10773,65,33.29,40,0.0
10773,56,13.07,14,0.0
10774,64,6.79,26,0.0
10774,43,13.57,28,0.0
10774,36,31.95,15,0.0
10774,77,3.18,30,0.0
10775,44,76.28,31,0.15
10775,29,25.47,48,0.15
10775,68,6.98,26,0.0
10775,33,71.55,66,0.0
10776,46,14.17,13,0.25
10776,51,11.83,16,0.0
10776,34,13.14,29,0.0
10776,27,10.32,126,0.05
10776,9,9.78,47,0.0
10777,11,6.04,51,0.0
10777,24,6.41,21,0.02
10777,8,91.65,13,0.0
10778,68,6.98,14,0.0
10778,47,6.32,14,0.0
10779,69,20.35,27,0.0
10779,54,74.59,26,0.2
10779,50,29.4,19,0.0
10779,44,76.28,8,0.0
10780,56,13.07,12,0.0
10780,73,29.75,39,0.0
10781,59,5.62,8,0.0
10782,36,31.95,30,0.15
10782,32,16.72,2,0.1
10782,62,4.01,55,0.0
10782,5,26.71,36,0.0
10783,45,12.98,14,0.0
10783,63,76.06,44,0.1
10784,28,19.54,21,0.0
10785,4,13.6,8,0.0
10785,38,19.91,14,0.1
10785,37,9.7,33,0.05
10785,56,13.07,12,0.06
10786,22,42.52,37,0.2
10786,25,12.12,28,0.0
10786,34,13.14,9,0.0
10787,74,6.51,16,0.0
10788,40,52.1,69,0.0
10789,55,30.47,52,0.2
10789,74,6.51,5,0.0
10789,66,26.05,20,0.0
10789,62,4.01,11,0.25
10790,38,19.91,22,0.0
10790,22,42.52,13,0.2
10790,33,71.55,47,0.05
10791,53,5.87,17,0.05
10792,69,20.35,17,0.15
10792,46,14.17,15,0.0
10792,56,13.07,47,0.0
10792,7,26.46,21,0.0
10793,65,33.29,11,0.0
10793,57,15.65,27,0.1
10793,47,6.32,26,0.1
10793,39,22.54,34,0.0
10794,37,9.7,32,0.25
10794,35,40.29,18,0.0
10794,23,13.66,50,0.2
10795,17,21.79,27,0.1
10796,1,19.25,18,0.2
10796,43,13.57,83,0.15
10796,68,6.98,13,0.0
10796,19,8.42,65,0.0
10797,5,26.71,18,0.0
10797,71,10.95,18,0.1
10797,28,19.54,12,0.05
10798,52,30.39,2,0.0
10799,52,30.39,42,0.0
10799,13,13.16,11,0.0
10799,39,22.54,5,0.05
10800,57,15.65,6,0.05
10800,9,9.78,18,0.0
10800,31,6.29,13,0.0
10801,35,40.29,5,0.0
10801,64,6.79,38,0.0
10801,44,76.28,21,0.05
10802,60,22.74,13,0.05
10802,34,13.14,23,0.0
10802,35,40.29,50,0.0
10802,10,3.27,14,0.0
10802,6,41.85,41,0.0
10803,47,6.32,24,0.0
10803,63,76.06,11,0.0
10803,64,6.79,10,0.0
10804,57,15.65,3,0.0
10805,53,5.87,21,0.05
10805,15,53.07,11,0.15
10805,52,30.39,40,0.05
10806,25,12.12,21,0.05
10807,10,3.27,16,0.15
10807,56,13.07,33,0.2
10808,62,4.01,9,0.0
10808,28,19.54,15,0.0
10808,53,5.87,10,0.0
10808,25,12.12,78,0.25
10808,14,55.84,74,0.0
10809,27,10.32,12,0.15
10809,51,11.83,10,0.1
10810,32,16.72,43,0.2
10810,74,6.51,37,0.0
10810,30,48.43,2,0.25
10811,22,42.52,29,0.15
10811,3,118.98,31,0.0
10812,74,6.51,17,0.25
10812,65,33.29,26,0.0
10812,62,4.01,8,0.0
10813,1,19.25,130,0.15
10813,52,30.39,23,0.0
10813,6,41.85,7,0.0
10814,47,6.32,11,0.1
10814,20,29.67,8,0.2
10814,28,19.54,49,0.0
10815,28,19.54,6,0.15
10815,46,14.17,27,0.05
10815,45,12.98,5,0.0
10815,13,13.16,37,0.0
10816,69,20.35,9,0.0
10816,15,53.07,16,0.0
10816,34,13.14,34,0.0
10817,26,12.52,5,0.1
10818,60,22.74,5,0.0
10819,26,12.52,105,0.0
10819,13,13.16,12,0.0
10819,6,41.85,18,0.0
10820,63,76.06,16,0.0
10821,18,100.7,12,0.04
10821,28,19.54,24,0.0
10821,22,42.52,15,0.0
10821,60,22.74,9,0.0
10822,56,13.07,21,0.0
10822,1,19.25,25,0.05
10822,21,11.93,24,0.0
10823,69,20.35,16,0.0
10823,50,29.4,10,0.0
10823,22,42.52,3,0.15
10824,62,4.01,109,0.0
10824,71,10.95,13,0.15
10824,19,8.42,15,0.05
10824,45,12.98,16,0.1
10825,54,74.59,21,0.15
10825,25,12.12,57,0.0
10826,9,9.78,29,0.1
10827,23,13.66,45,0.0
10827,49,21.61,13,0.0
10827,4,13.6,19,0.05
10827,62,4.01,33,0.05
10828,53,5.87,14,0.03
10829,46,14.17,52,0.0
10830,12,19.83,17,0.0
10830,44,76.28,16,0.15
10830,6,41.85,13,0.0
10831,73,29.75,6,0.0
10832,56,13.07,19,0.0
10832,35,40.29,10,0.1
10832,27,10.32,22,0.1
10833,34,13.14,13,0.0
10833,4,13.6,9,0.0
10833,63,76.06,4,0.05
10833,62,4.01,20,0.03
10834,6,41.85,29,0.25
10834,50,29.4,14,0.25
10835,42,46.92,8,0.25
10836,66,26.05,95,0.05
10836,19,8.42,10,0.2
10836,56,13.07,8,0.0
10837,37,9.7,16,0.05
10838,30,48.43,11,0.15
10838,12,19.83,16,0.25
10838,72,16.3,21,0.0
10839,53,5.87,52,0.0
10839,13,13.16,31,0.25
10840,11,6.04,28,0.0
10840,24,6.41,16,0.0
10840,6,41.85,14,0.0
10841,45,12.98,48,0.0
10841,23,13.66,47,0.0
10842,41,12.8,22,0.0
10842,77,3.18,28,0.02
10843,67,6.87,4,0.0
10843,62,4.01,64,0.0
10843,36,31.95,7,0.0
10843,46,14.17,13,0.0
10844,53,5.87,116,0.05
10844,73,29.75,10,0.0
10844,11,6.04,7,0.2
10844,42,46.92,14,0.2
10845,53,5.87,25,0.05
10845,14,55.84,11,0.0
10846,54,74.59,9,0.15
10846,60,22.74,24,0.0
10846,76,14.92,79,0.0
10846,65,33.29,29,0.0
10846,17,21.79,25,0.0
10847,16,44.2,130,0.0
10847,25,12.12,34,0.0
10847,54,74.59,30,0.0
10848,58,6.74,40,0.0
10848,1,19.25,18,0.0
10849,62,4.01,27,0.0
10849,36,31.95,23,0.0
10849,52,30.39,19,0.2
10850,58,6.74,16,0.25
10850,3,118.98,45,0.0
10850,16,44.2,67,0.0
10851,63,76.06,9,0.1
10851,31,6.29,6,0.0
10851,75,37.64,130,0.25
10851,17,21.79,26,0.0
10852,39,22.54,100,0.0
10852,42,46.92,11,0.05
10852,20,29.67,17,0.05
10853,25,12.12,8,0.0
10854,42,46.92,29,0.0
10854,19,8.42,12,0.1
10855,74,6.51,13,0.0
10855,62,4.01,12,0.04
10856,3,118.98,39,0.0
10856,43,13.57,6,0.0
10857,23,13.66,27,0.0
10857,42,46.92,39,0.2
10857,54,74.59,13,0.1
10858,31,6.29,39,0.25
10858,61,38.38,24,0.2
10859,6,41.85,61,0.0
10860,1,19.25,26,0.0
10861,46,14.17,32,0.0
10861,17,21.79,9,0.0
10862,59,5.62,8,0.05
10863,6,41.85,6,0.04
10863,68,6.98,3,0.1
10863,46,14.17,21,0.0
10863,65,33.29,7,0.1
10864,77,3.18,28,0.0
10864,26,12.52,25,0.0
10864,28,19.54,5,0.15
10865,41,12.8,60,0.05
10865,63,76.06,15,0.05
10865,43,13.57,42,0.0
10866,68,6.98,34,0.1
10866,22,42.52,74,0.1
10867,64,6.79,44,0.05
10867,77,3.18,20,0.1
10868,67,6.87,16,0.0
10869,13,13.16,12,0.05
10869,7,26.46,7,0.0
10870,59,5.62,24,0.0
10870,47,6.32,9,0.0
10871,18,100.7,91,0.0
10871,42,46.92,8,0.0
10871,30,48.43,23,0.0
10871,63,76.06,10,0.0
10872,61,38.38,50,0.0
10872,11,6.04,7,0.0
10873,24,6.41,26,0.0
10873,51,11.83,56,0.03
10874,23,13.66,14,0.0
10874,11,6.04,6,0.15
10874,5,26.71,53,0.0
10874,7,26.46,19,0.0
10875,13,13.16,23,0.05
10875,39,22.54,9,0.0
10875,5,26.71,10,0.15
10876,16,44.2,36,0.0
10877,35,40.29,113,0.1
10878,21,11.93,30,0.25
10878,5,26.71,15,0.0
10879,32,16.72,31,0.25
10879,33,71.55,40,0.0
10879,11,6.04,16,0.0
10880,12,19.83,55,0.2
10880,74,6.51,12,0.0
10880,41,12.8,14,0.0
10881,76,14.92,26,0.2
10882,75,37.64,36,0.1
10882,8,91.65,122,0.05
10883,73,29.75,7,0.0
10883,32,16.72,11,0.1
10883,35,40.29,94,0.05
10884,23,13.66,36,0.0
10884,13,13.16,80,0.15
10884,29,25.47,28,0.0
10884,51,11.83,21,0.0
10885,49,21.61,34,0.0
10885,67,6.87,6,0.0
10886,1,19.25,14,0.05
10886,57,15.65,27,0.05
10887,30,48.43,27,0.0
10887,28,19.54,61,0.1
10887,23,13.66,9,0.0
10887,58,6.74,14,0.0
10888,37,9.7,6,0.0
10888,58,6.74,27,0.15
10889,5,26.71,54,0.0
10889,29,25.47,45,0.2
10890,27,10.32,19,0.1
10891,12,19.83,30,0.0
10891,58,6.74,14,0.0
10891,6,41.85,29,0.0
10891,38,19.91,32,0.02
10892,16,44.2,13,0.15
10892,60,22.74,11,0.0
10893,76,14.92,10,0.1
10893,68,6.98,18,0.05
10894,5,26.71,3,0.2
10894,62,4.01,18,0.0
10895,58,6.74,36,0.05
10895,74,6.51,5,0.1
10896,44,76.28,23,0.1
10896,22,42.52,5,0.0
10897,72,16.3,14,0.0
10897,30,48.43,35,0.0
10897,54,74.59,26,0.0
10898,75,37.64,80,0.25
10898,28,19.54,18,0.0
10899,28,19.54,7,0.0
10899,14,55.84,14,0.0
10899,39,22.54,21,0.0
10900,47,6.32,6,0.25
10900,24,6.41,6,0.0
10900,48,21.67,32,0.0
10901,3,118.98,6,0.0
10901,72,16.3,29,0.15
10901,67,6.87,5,0.06
10901,25,12.12,21,0.0
10902,25,12.12,10,0.0
10902,44,76.28,21,0.0
10902,7,26.46,14,0.0
10902,50,29.4,47,0.0
10903,44,76.28,18,0.0
10903,39,22.54,6,0.0
10903,64,6.79,17,0.1
10904,15,53.07,18,0.0
10904,35,40.29,18,0.0
10904,54,74.59,8,0.0
10905,36,31.95,29,0.0
10905,63,76.06,6,0.0
10905,48,21.67,31,0.05
10906,41,12.8,14,0.0
10906,64,6.79,31,0.05
10906,51,11.83,14,0.05
10907,49,21.61,12,0.0
10907,42,46.92,36,0.2
10908,10,3.27,13,0.05
10909,51,11.83,6,0.0
10909,19,8.42,9,0.0
10909,66,26.05,26,0.0
10909,48,21.67,8,0.1
10910,73,29.75,83,0.0
10910,48,21.67,13,0.05
10910,16,44.2,35,0.0
10910,6,41.85,3,0.05
10911,63,76.06,49,0.0
10911,37,9.7,12,0.0
10912,38,19.91,28,0.0
10912,53,5.87,4,0.25
10912,23,13.66,54,0.0
10912,63,76.06,46,0.0
10913,41,12.8,12,0.05
10914,68,6.98,16,0.2
10914,40,52.1,14,0.25
10914,61,38.38,15,0.2
10914,54,74.59,9,0.2
10915,13,13.16,17,0.0
10915,15,53.07,16,0.0
10916,75,37.64,61,0.0
10917,46,14.17,45,0.0
10917,13,13.16,130,0.0
10918,26,12.52,8,0.05
10918,67,6.87,34,0.0
10918,28,19.54,30,0.0
10918,61,38.38,15,0.0
10919,17,21.79,63,0.0
10920,27,10.32,33,0.05
10920,39,22.54,11,0.25
10921,44,76.28,57,0.0
10921,31,6.29,17,0.0
10921,51,11.83,12,0.2
10922,20,29.67,15,0.0
10922,28,19.54,57,0.0
10922,49,21.61,34,0.15
10923,30,48.43,20,0.0
10923,51,11.83,20,0.0
10923,36,31.95,49,0.0
10924,56,13.07,30,0.0
10924,52,30.39,13,0.15
10924,3,118.98,12,0.0
10925,18,100.7,7,0.1
10925,2,13.37,16,0.05
10925,75,37.64,2,0.0
10925,3,118.98,9,0.2
10925,30,48.43,6,0.0
10925,72,16.3,20,0.0
10926,69,20.35,26,0.0
10926,26,12.52,24,0.2
10927,53,5.87,6,0.0
10927,21,11.93,26,0.0
10928,21,11.93,21,0.0
10929,8,91.65,16,0.0
10929,9,9.78,85,0.0
10929,54,74.59,7,0.0
10929,56,13.07,13,0.0
10930,66,26.05,4,0.05
10930,56,13.07,37,0.0
10930,73,29.75,13,0.15
10930,71,10.95,38,0.0
10930,36,31.95,21,0.1
10931,12,19.83,84,0.1
10931,71,10.95,23,0.0
10932,66,26.05,42,0.25
10933,59,5.62,8,0.1
10933,55,30.47,12,0.15
10933,16,44.2,58,0.0
10934,30,48.43,16,0.0
10934,67,6.87,13,0.1
10935,9,9.78,55,0.05
10935,49,21.61,5,0.15
10936,26,12.52,8,0.2
10936,17,21.79,58,0.0
10937,44,76.28,27,0.0
10937,61,38.38,59,0.2
10938,77,3.18,14,0.0
10938,16,44.2,6,0.0
10939,29,25.47,10,0.0
10939,48,21.67,15,0.2
10939,74,6.51,30,0.05
10939,40,52.1,5,0.0
10940,22,42.52,27,0.0
10940,23,13.66,17,0.0
10941,19,8.42,33,0.0
10942,66,26.05,38,0.0
10942,73,29.75,27,0.0
10942,72,16.3,49,0.05
10942,13,13.16,32,0.0
10942,42,46.92,7,0.0
10943,45,12.98,11,0.15
10943,28,19.54,13,0.05
10943,8,91.65,20,0.0
10944,48,21.67,19,0.06
10944,71,10.95,13,0.2
10944,49,21.61,10,0.25
10945,3,118.98,15,0.0
10945,15,53.07,22,0.0
10945,68,6.98,60,0.1
10946,54,74.59,16,0.0
10946,47,6.32,22,0.1
10946,14,55.84,5,0.0
10947,55,30.47,21,0.05
10947,71,10.95,11,0.0
10947,60,22.74,38,0.0
10948,66,26.05,55,0.1
10949,25,12.12,33,0.0
10949,17,21.79,29,0.0
10950,77,3.18,15,0.0
10951,14,55.84,21,0.1
10951,6,41.85,9,0.1
10951,54,74.59,22,0.0
10951,36,31.95,21,0.0
10952,9,9.78,21,0.0
10952,70,9.83,41,0.0
10952,46,14.17,27,0.0
10952,45,12.98,7,0.25
10952,72,16.3,13,0.0
10953,63,76.06,26,0.1
10953,17,21.79,22,0.05
10954,42,46.92,10,0.0
10954,33,71.55,17,0.0
10955,71,10.95,9,0.0
10955,26,12.52,3,0.0
10955,5,26.71,12,0.0
10956,15,53.07,7,0.0
10956,2,13.37,32,0.15
10956,33,71.55,6,0.0
10957,8,91.65,11,0.0
10957,33,71.55,21,0.2
10957,68,6.98,2,0.15
10958,45,12.98,44,0.0
10959,55,30.47,7,0.15
10959,42,46.92,10,0.15
10959,53,5.87,40,0.2
10959,4,13.6,121,0.0
10960,63,76.06,13,0.0
10961,32,16.72,15,0.0
10962,50,29.4,57,0.05
10962,28,19.54,31,0.0
10962,9,9.78,55,0.25
10962,67,6.87,64,0.2
10962,49,21.61,11,0.0
10963,9,9.78,29,0.0
10963,27,10.32,8,0.1
10963,55,30.47,12,0.05
10963,64,6.79,33,0.0
10964,60,22.74,37,0.0
10964,12,19.83,12,0.25
10965,28,19.54,19,0.0
10965,56,13.07,20,0.0
10965,12,19.83,16,0.0
10965,50,29.4,11,0.0
10966,61,38.38,12,0.0
10967,53,5.87,20,0.0
10968,7,26.46,18,0.05
10968,23,13.66,28,0.0
10969,71,10.95,76,0.0
10969,9,9.78,7,0.0
10969,69,20.35,75,0.0
10970,8,91.65,13,0.15
10970,7,26.46,23,0.05
10970,50,29.4,6,0.0
10971,67,6.87,12,0.25
10971,58,6.74,8,0.25
10971,47,6.32,26,0.0
10971,65,33.29,20,0.0
10972,39,22.54,6,0.03
10972,24,6.41,44,0.2
10972,32,16.72,6,0.0
10972,2,13.37,15,0.05
10973,47,6.32,34,0.0
10973,12,19.83,10,0.05
10973,2,13.37,45,0.2
10974,32,16.72,18,0.0
10974,21,11.93,10,0.06
10975,43,13.57,43,0.0
10975,25,12.12,14,0.15
10976,53,5.87,12,0.1
10976,63,76.06,5,0.25
10976,20,29.67,77,0.05
10977,52,30.39,26,0.0
10977,59,5.62,12,0.0
10977,32,16.72,34,0.0
10977,37,9.7,24,0.0
10978,53,5.87,53,0.01
10978,58,6.74,18,0.0
10978,18,100.7,45,0.15
10978,37,9.7,74,0.0
10979,14,55.84,12,0.25
10979,31,6.29,8,0.0
10979,65,33.29,26,0.1
10980,53,5.87,15,0.2
10980,46,14.17,31,0.15
10980,61,38.38,2,0.15
10981,52,30.39,11,0.0
10981,39,22.54,8,0.0
10982,44,76.28,8,0.0
10982,25,12.12,32,0.0
10982,2,13.37,13,0.1
10983,4,13.6,21,0.25
10983,19,8.42,17,0.0
10983,57,15.65,11,0.15
10984,52,30.39,10,0.15
10984,32,16.72,13,0.0
10984,18,100.7,29,0.25
10985,41,12.8,13,0.05
10985,69,20.35,130,0.0
10985,17,21.79,11,0.15
10986,7,26.46,58,0.04
10986,66,26.05,17,0.0
10986,63,76.06,23,0.1
10987,7,26.46,15,0.0
10987,24,6.41,34,0.0
10988,42,46.92,41,0.0
10988,44,76.28,6,0.1
10989,66,26.05,4,0.05
10989,7,26.46,16,0.1
10989,49,21.61,14,0.1
10990,52,30.39,6,0.1
10990,71,10.95,17,0.0
10990,66,26.05,13,0.0
10991,68,6.98,33,0.15
10991,44,76.28,38,0.0
10991,70,9.83,17,0.2
10992,53,5.87,35,0.0
10992,5,26.71,19,0.0
10993,61,38.38,40,0.2
10993,46,14.17,12,0.0
10993,10,3.27,5,0.0
10993,66,26.05,43,0.05
10994,55,30.47,6,0.0
10994,8,91.65,24,0.0
10995,72,16.3,31,0.0
10995,54,74.59,32,0.0
10995,25,12.12,17,0.0
10996,7,26.46,36,0.15
10996,67,6.87,6,0.04
10996,45,12.98,18,0.0
10996,72,16.3,16,0.06
10996,29,25.47,11,0.0
10997,39,22.54,21,0.0
10998,74,6.51,12,0.1
10998,5,26.71,45,0.0
10999,32,16.72,12,0.1
10999,73,29.75,51,0.0
11000,69,20.35,17,0.0
11000,48,21.67,117,0.1
11000,57,15.65,71,0.0
11001,25,12.12,14,0.15
11001,32,16.72,7,0.15
11001,71,10.95,29,0.0
11002,71,10.95,17,0.0
11003,62,4.01,28,0.0
11003,32,16.72,15,0.0
11003,74,6.51,24,0.2
11004,59,5.62,7,0.25
11004,38,19.91,26,0.2
11004,66,26.05,22,0.0
11004,15,53.07,22,0.05
11005,27,10.32,45,0.0
11006,20,29.67,71,0.0
11007,49,21.61,22,0.0
11007,31,6.29,40,0.0
11007,14,55.84,38,0.0
11007,4,13.6,62,0.0
11008,41,12.8,10,0.0
11008,30,48.43,32,0.15
11009,16,44.2,10,0.05
11009,59,5.62,18,0.15
11009,46,14.17,37,0.15
11009,18,100.7,40,0.0
11010,22,42.52,9,0.0
11010,15,53.07,9,0.0
11010,56,13.07,15,0.25
11011,75,37.64,29,0.25
11011,43,13.57,54,0.0
11011,69,20.35,7,0.15
11012,25,12.12,12,0.0
11012,17,21.79,8,0.1
11012,18,100.7,8,0.0
11013,42,46.92,28,0.0
11013,24,6.41,26,0.2
11014,70,9.83,46,0.15
11014,33,71.55,17,0.0
11014,49,21.61,34,0.05
11014,77,3.18,33,0.05
11015,53,5.87,5,0.05
11015,4,13.6,9,0.25
11015,43,13.57,32,0.0
11016,58,6.74,39,0.2
11016,67,6.87,21,0.15
11016,68,6.98,46,0.0
11017,47,6.32,21,0.0
11017,30,48.43,14,0.0
11018,4,13.6,35,0.15
11018,17,21.79,76,0.1
11018,15,53.07,13,0.04
11019,41,12.8,6,0.0
11019,22,42.52,102,0.15
11020,59,5.62,24,0.0
11021,35,40.29,4,0.0
11022,51,11.83,23,0.0
11022,4,13.6,37,0.0
11023,58,6.74,14,0.0
11024,48,21.67,31,0.0
11024,15,53.07,31,0.0
11025,65,33.29,9,0.1
11025,60,22.74,9,0.15
11026,74,6.51,58,0.0
11026,35,40.29,27,0.2
11026,53,5.87,14,0.0
11027,40,52.1,8,0.1
11027,6,41.85,18,0.0
11028,53,5.87,26,0.0
11028,33,71.55,28,0.25
11029,71,10.95,14,0.0
11029,44,76.28,8,0.2
11030,38,19.91,28,0.0
11030,2,13.37,9,0.0
11030,19,8.42,15,0.06
11030,57,15.65,9,0.15
11031,38,19.91,25,0.0
11032,5,26.71,41,0.0
11032,47,6.32,39,0.0
11033,39,22.54,9,0.0
11033,66,26.05,23,0.15
11033,63,76.06,14,0.0
11034,18,100.7,27,0.0
11034,5,26.71,84,0.0
11035,76,14.92,33,0.15
11035,30,48.43,75,0.25
11035,54,74.59,26,0.1
11036,65,33.29,15,0.15
11037,61,38.38,27,0.0
11037,29,25.47,130,0.0
11037,21,11.93,29,0.0
11038,6,41.85,22,0.15
11038,44,76.28,30,0.0
11039,62,4.01,16,0.0
11039,37,9.7,95,0.0
11039,68,6.98,56,0.0
11040,18,100.7,19,0.0
11040,33,71.55,12,0.0
11040,56,13.07,12,0.0
11040,20,29.67,16,0.0
11040,27,10.32,26,0.05
11041,66,26.05,17,0.2
11041,47,6.32,13,0.05
11041,1,19.25,25,0.0
11042,5,26.71,42,0.0
11042,14,55.84,18,0.05
11042,35,40.29,5,0.0
11043,28,19.54,25,0.0
11043,18,100.7,3,0.2
11043,9,9.78,13,0.05
11044,75,37.64,12,0.05
11045,29,25.47,16,0.0
11045,39,22.54,16,0.15
11046,45,12.98,21,0.1
11046,41,12.8,50,0.1
11047,34,13.14,17,0.0
11047,51,11.83,17,0.0
11047,49,21.61,7,0.0
11047,63,76.06,11,0.0
11048,38,19.91,39,0.25
11048,2,13.37,12,0.0
11049,76,14.92,10,0.0
11049,14,55.84,23,0.0
11049,62,4.01,12,0.2
11050,22,42.52,12,0.15
11050,2,13.37,23,0.0
11050,64,6.79,11,0.0
11051,74,6.51,14,0.0
11051,47,6.32,13,0.06
11052,36,31.95,19,0.05
11052,54,74.59,16,0.25
11052,50,29.4,8,0.0
11052,74,6.51,26,0.06
11052,67,6.87,8,0.0
11053,24,6.41,8,0.0
11053,71,10.95,10,0.0
11054,54,74.59,14,0.0
11054,10,3.27,19,0.0
11054,11,6.04,20,0.0
11055,15,53.07,74,0.15
11055,77,3.18,13,0.0
11056,22,42.52,9,0.0
11056,59,5.62,87,0.2
11056,20,29.67,7,0.05
11057,61,38.38,16,0.0
11057,33,71.55,38,0.15
11057,68,6.98,36,0.0
11058,45,12.98,23,0.15
11058,43,13.57,130,0.25
11059,9,9.78,12,0.25
11059,41,12.8,32,0.0
11060,52,30.39,11,0.0
11060,48,21.67,6,0.0
11061,62,4.01,53,0.15
11062,66,26.05,90,0.15
11062,20,29.67,13,0.0
11062,9,9.78,15,0.2
11062,6,41.85,46,0.0
11063,70,9.83,30,0.05
11063,49,21.61,9,0.0
11063,66,26.05,14,0.0
11064,60,22.74,34,0.0
11064,73,29.75,27,0.15
11065,53,5.87,23,0.0
11066,67,6.87,26,0.25
11066,41,12.8,8,0.04
11067,29,25.47,39,0.02
11067,62,4.01,30,0.0
11068,5,26.71,81,0.15
11068,70,9.83,22,0.0
11069,44,76.28,16,0.15
11069,34,13.14,35,0.0
11069,40,52.1,27,0.0
11069,31,6.29,15,0.25
11070,71,10.95,26,0.0
11071,53,5.87,69,0.25
11071,18,100.7,28,0.25
11071,13,13.16,30,0.25
11072,10,3.27,27,0.0
11072,43,13.57,6,0.0
11072,49,21.61,20,0.1
11072,28,19.54,7,0.0
11073,49,21.61,21,0.0
11073,34,13.14,18,0.0
11074,31,6.29,20,0.25
11074,41,12.8,45,0.0
11074,4,13.6,102,0.1
11075,3,118.98,15,0.0
11075,2,13.37,57,0.25
11075,10,3.27,32,0.1
11076,49,21.61,14,0.1
11076,17,21.79,39,0.0
11076,37,9.7,80,0.0
11076,55,30.47,12,0.0
11076,67,6.87,12,0.0
11077,52,30.39,33,0.0
11077,13,13.16,12,0.0
11077,48,21.67,35,0.0
11077,24,6.41,10,0.0
