IDEmpleado,Anio,Mes,MetaMensual
1,2019,7,34870.22
1,2019,8,39837.74
1,2019,9,29578.99
1,2019,10,59584.86
1,2019,11,14612.61
1,2019,12,20565.98
1,2020,1,14828.4
1,2020,2,43301.09
1,2020,3,12819.25
1,2020,4,48776.5
1,2020,5,49551.63
1,2020,6,39936.47
1,2020,7,12437.36
1,2020,8,32753.07
1,2020,9,32155.5
1,2020,10,19348.58
1,2020,11,13016.08
1,2020,12,59622.6
1,2021,1,26724.31
1,2021,2,21916.79
1,2021,3,44024.55
1,2021,4,40827.88
1,2021,5,25415.19
2,2019,7,30373.7
2,2019,8,16146.24
2,2019,9,17913.36
2,2019,10,31172.16
2,2019,11,33401.22
2,2019,12,24799.3
2,2020,1,58894.64
2,2020,2,50566.88
2,2020,3,17249.0
2,2020,4,8766.26
2,2020,5,57881.39
2,2020,6,25922.78
2,2020,7,57218.9
2,2020,8,33576.11
2,2020,9,52236.8
2,2020,10,33572.92
2,2020,11,23908.24
2,2020,12,33426.38
2,2021,1,47114.87
2,2021,2,31021.7
2,2021,3,15684.22
2,2021,4,52288.62
2,2021,5,30545.4
3,2019,7,52996.87
3,2019,8,26140.44
3,2019,9,46813.93
3,2019,10,21755.08
3,2019,11,12173.77
3,2019,12,50909.46
3,2020,1,38786.7
3,2020,2,49687.08
3,2020,3,50623.45
3,2020,4,49194.8
3,2020,5,55733.74
3,2020,6,37984.25
3,2020,7,50752.69
3,2020,8,34227.57
3,2020,9,52203.72
3,2020,10,10368.61
3,2020,11,45280.18
3,2020,12,50052.83
3,2021,1,18673.77
3,2021,2,49061.3
3,2021,3,35189.81
3,2021,4,36391.06
3,2021,5,57530.65
4,2019,7,12303.35
4,2019,8,10447.94
4,2019,9,52867.53
4,2019,10,38324.91
4,2019,11,22873.94
4,2019,12,25581.43
4,2020,1,40850.65
4,2020,2,11388.75
4,2020,3,20337.76
4,2020,4,37433.52
4,2020,5,50058.58
4,2020,6,36371.77
4,2020,7,53724.47
4,2020,8,33888.12
4,2020,9,39183.64
4,2020,10,27563.92
4,2020,11,55742.81
4,2020,12,16996.1
4,2021,1,25592.75
4,2021,2,53162.31
4,2021,3,24442.45
4,2021,4,21825.88
4,2021,5,34687.61
5,2019,7,10256.61
5,2019,8,30127.95
5,2019,9,53846.63
5,2019,10,44871.55
5,2019,11,38336.49
5,2019,12,56955.31
5,2020,1,41276.72
5,2020,2,26787.79
5,2020,3,33360.91
5,2020,4,36743.11
5,2020,5,54592.27
5,2020,6,34118.88
5,2020,7,50928.2
5,2020,8,39215.55
5,2020,9,41771.61
5,2020,10,15502.49
5,2020,11,35525.47
5,2020,12,19328.47
5,2021,1,24977.95
5,2021,2,42379.92
5,2021,3,26788.37
5,2021,4,12832.57
5,2021,5,49129.45
6,2019,7,17337.77
6,2019,8,30035.36
6,2019,9,45446.07
6,2019,10,38771.09
6,2019,11,21537.89
6,2019,12,51237.45
6,2020,1,17485.36
6,2020,2,43213.65
6,2020,3,15704.39
6,2020,4,32126.19
6,2020,5,27605.64
6,2020,6,26851.14
6,2020,7,17022.53
6,2020,8,45795.04
6,2020,9,27652.12
6,2020,10,18226.53
6,2020,11,42765.2
6,2020,12,54832.23
6,2021,1,22731.22
6,2021,2,20174.3
6,2021,3,54858.33
6,2021,4,21843.44
6,2021,5,53865.44
7,2019,7,8703.75
7,2019,8,18698.99
7,2019,9,50132.55
7,2019,10,8193.78
7,2019,11,43234.45
7,2019,12,21241.71
7,2020,1,21704.96
7,2020,2,20099.16
7,2020,3,16678.59
7,2020,4,28757.16
7,2020,5,43075.79
7,2020,6,20254.35
7,2020,7,14727.09
7,2020,8,59171.18
7,2020,9,14104.18
7,2020,10,10268.19
7,2020,11,53053.79
7,2020,12,48762.04
7,2021,1,54715.12
7,2021,2,38861.41
7,2021,3,37300.34
7,2021,4,23175.55
7,2021,5,13697.47
8,2019,7,54729.22
8,2019,8,29242.13
8,2019,9,56987.27
8,2019,10,12009.09
8,2019,11,56162.17
8,2019,12,53006.96
8,2020,1,50480.75
8,2020,2,58465.08
8,2020,3,24325.24
8,2020,4,31008.33
8,2020,5,53635.47
8,2020,6,25893.02
8,2020,7,31287.85
8,2020,8,37288.68
8,2020,9,25010.47
8,2020,10,30498.5
8,2020,11,25026.18
8,2020,12,55113.38
8,2021,1,38783.44
8,2021,2,16416.21
8,2021,3,46335.49
8,2021,4,46146.39
8,2021,5,19017.84
9,2019,7,22389.33
9,2019,8,14791.34
9,2019,9,48951.11
9,2019,10,41839.11
9,2019,11,25848.9
9,2019,12,53371.71
9,2020,1,20592.33
9,2020,2,10225.26
9,2020,3,36147.49
9,2020,4,19603.74
9,2020,5,27760.36
9,2020,6,11519.53
9,2020,7,45211.17
9,2020,8,57583.28
9,2020,9,43887.19
9,2020,10,53897.51
9,2020,11,28287.29
9,2020,12,10490.42
9,2021,1,47114.28
9,2021,2,39809.2
9,2021,3,39991.15
9,2021,4,9140.06
9,2021,5,19424.72
