IDPedido,IDCliente,IDEmpleado,FechaPedido,FechaRequerida,FechaEnvio,EnvioPor,Flete,CiudadEnvio,RegionEnvio,PaisEnvio
10248,LKXAI,6,2020-01-08 09:18:00,2020-02-05,2020-02-12,1,166.05,Ciudad 06,Región,Suiza
10249,CDLRH,3,2020-12-22 18:15:00,2021-01-19,2021-01-05,3,225.0,Ciudad 02,Región,Canadá
10250,GSKSA,9,2020-01-06 18:41:00,2020-02-03,2020-01-27,2,156.86,Ciudad 31,,Canadá
10251,PPNKD,1,2019-07-29 08:20:00,2019-08-26,2019-08-06,1,172.56,Ciudad 25,,Bélgica
10252,FWTMU,3,2019-07-23 09:37:00,2019-08-20,2019-07-30,2,18.57,Ciudad 52,Región,Austria
10253,CDLRH,8,2020-04-09 17:19:00,2020-05-07,2020-04-15,1,95.53,Ciudad 02,,Canadá
10254,XZGTP,9,2019-09-30 17:25:00,2019-10-28,2019-10-04,1,162.26,Ciudad 05,,Francia
10255,ORYAY,7,2020-11-18 09:15:00,2020-12-16,2020-12-12,2,89.1,Ciudad 43,Región,Francia
10256,EHVXH,1,2019-10-13 09:05:00,2019-11-10,2019-11-01,2,220.96,Ciudad 34,,Noruega
10257,GSKSA,3,2020-06-16 17:58:00,2020-07-14,2020-07-19,1,172.96,Ciudad 31,,Canadá
10258,RVDMH,1,2020-06-10 13:46:00,2020-07-08,2020-06-16,3,121.51,Ciudad 05,,Polonia
10259,ZFYWY,3,2020-01-06 15:21:00,2020-02-03,2020-01-07,3,36.35,Ciudad 04,Región,Canadá
10260,MHCEX,3,2020-08-05 16:22:00,2020-09-02,2020-08-26,3,137.6,Ciudad 69,Región,Suecia
10261,WJQYI,4,2020-04-09 15:33:00,2020-05-07,2020-04-13,2,247.65,Ciudad 14,,Canadá
10262,WNTIS,9,2019-11-29 08:51:00,2019-12-27,2019-12-01,1,206.57,Ciudad 36,Región,EE.UU.
10263,XZGTP,8,2019-12-14 10:23:00,2020-01-11,2019-12-20,1,219.34,Ciudad 05,,Francia
10264,EETZO,6,2020-04-08 15:46:00,2020-05-06,2020-04-25,1,111.16,Ciudad 45,,Australia
10265,LKXAI,4,2020-07-05 15:51:00,2020-08-02,2020-07-27,2,104.05,Ciudad 06,,Suiza
10266,WNTIS,1,2021-01-05 18:56:00,2021-02-02,2021-01-23,2,204.93,Ciudad 36,,EE.UU.
10267,MTPNQ,2,2020-04-26 18:55:00,2020-05-24,2020-05-19,1,103.46,Ciudad 12,Región,Austria
10268,XLPUE,1,2019-09-13 16:53:00,2019-10-11,2019-09-21,3,66.21,Ciudad 61,Región,Finlandia
10269,KDERT,2,2019-08-25 13:26:00,2019-09-22,2019-09-11,1,30.52,Ciudad 25,,Portugal
10270,YQHEC,6,2021-01-14 17:45:00,2021-02-11,2021-02-10,3,27.6,Ciudad 04,,Austria
10271,MSESF,7,2020-11-03 08:19:00,2020-12-01,2020-11-09,2,109.79,Ciudad 02,,Portugal
10272,XLPUE,5,2021-05-06 18:00:00,2021-06-03,2021-06-03,3,132.48,Ciudad 61,Región,Finlandia
10273,EHVXH,8,2020-03-03 10:04:00,2020-03-31,2020-04-01,2,78.09,Ciudad 34,,Noruega
10274,MTPNQ,6,2020-07-19 14:38:00,2020-08-16,2020-08-14,3,68.57,Ciudad 12,,Austria
10275,HXEEG,5,2019-08-20 17:27:00,2019-09-17,2019-09-12,3,219.72,Ciudad 42,Región,Polonia
10276,XLPUE,8,2019-11-18 08:42:00,2019-12-16,2019-11-21,3,196.75,Ciudad 61,,Finlandia
10277,GCSLF,5,2019-07-14 16:43:00,2019-08-11,2019-07-21,2,248.97,Ciudad 50,Región,España
10278,CAJJZ,3,2020-08-15 09:14:00,2020-09-12,2020-08-31,2,51.5,Ciudad 02,Región,Portugal
10279,JSSTI,2,2019-10-16 15:00:00,2019-11-13,2019-10-31,2,104.71,Ciudad 38,Región,Portugal
10280,VGMIO,5,2020-12-14 09:34:00,2021-01-11,2021-01-09,2,69.51,Ciudad 31,Región,Finlandia
10281,DLQMD,7,2020-09-25 18:14:00,2020-10-23,2020-10-12,1,77.72,Ciudad 40,,Finlandia
10282,OEZOA,3,2020-11-30 12:19:00,2020-12-28,2020-12-21,1,200.06,Ciudad 01,,Brasil
10283,DDGUG,9,2021-03-07 12:47:00,2021-04-04,2021-03-17,1,3.91,Ciudad 39,Región,México
10284,MTPNQ,6,2020-08-28 08:03:00,2020-09-25,2020-09-05,3,47.01,Ciudad 12,,Austria
10285,OEZOA,2,2020-11-16 11:41:00,2020-12-14,2020-11-27,1,57.33,Ciudad 01,,Brasil
10286,PILRH,3,2021-01-10 10:21:00,2021-02-07,2021-01-19,2,44.35,Ciudad 52,,Francia
10287,RVAML,8,2020-03-25 12:48:00,2020-04-22,,2,54.19,Ciudad 39,,Austria
10288,MCCJA,5,2021-03-15 17:36:00,2021-04-12,2021-03-22,2,111.4,Ciudad 17,Región,Reino Unido
10289,OMMPQ,1,2019-10-23 18:38:00,2019-11-20,2019-10-28,2,63.2,Ciudad 16,,Polonia
10290,GCSLF,2,2019-10-10 10:54:00,2019-11-07,,3,228.39,Ciudad 50,,España
10291,VUSXS,1,2019-10-02 18:42:00,2019-10-30,2019-10-29,1,180.52,Ciudad 55,,Alemania
10292,WJQYI,3,2020-12-21 08:46:00,2021-01-18,2021-01-24,2,223.67,Ciudad 14,Región,Canadá
10293,IFHOG,8,2020-06-19 17:27:00,2020-07-17,2020-06-27,1,237.89,Ciudad 60,,Francia
10294,HXEEG,4,2021-03-17 09:47:00,2021-04-14,2021-03-21,3,151.24,Ciudad 42,,Polonia
10295,WNCLH,7,2019-07-13 11:08:00,2019-08-10,2019-08-04,1,12.02,Ciudad 54,,Dinamarca
10296,EWHZJ,8,2020-06-01 16:42:00,2020-06-29,2020-06-17,1,91.17,Ciudad 36,Región,Dinamarca
10297,QPTDN,8,2021-01-23 18:54:00,2021-02-20,2021-02-18,2,108.3,Ciudad 65,,Austria
10298,PHGRR,5,2020-10-04 14:02:00,2020-11-01,2020-11-01,1,169.76,Ciudad 62,Región,Polonia
10299,OEZOA,1,2021-04-07 18:48:00,2021-05-05,2021-05-04,3,100.83,Ciudad 01,,Brasil
10300,ORYAY,3,2020-08-12 12:00:00,2020-09-09,2020-08-31,1,214.52,Ciudad 43,,Francia
10301,RUNCK,5,2021-02-27 09:41:00,2021-03-27,2021-03-11,3,155.63,Ciudad 28,Región,Polonia
10302,QDKDT,2,2019-11-24 16:57:00,2019-12-22,2019-11-29,1,28.66,Ciudad 04,,Irlanda
10303,ARPIO,9,2019-12-12 13:18:00,2020-01-09,2019-12-23,1,20.68,Ciudad 22,,Dinamarca
10304,WJQYI,4,2021-02-28 13:53:00,2021-03-28,2021-03-03,2,19.05,Ciudad 14,Región,Canadá
10305,UNYYX,1,2020-08-26 18:28:00,2020-09-23,2020-09-10,2,16.99,Ciudad 17,,Italia
10306,AODRM,7,2019-10-18 17:50:00,2019-11-15,2019-10-23,3,233.47,Ciudad 39,,Argentina
10307,LKXAI,8,2020-05-13 18:28:00,2020-06-10,2020-06-06,2,0.88,Ciudad 06,,Suiza
10308,PMOOX,8,2020-08-19 18:15:00,2020-09-16,2020-09-03,3,248.72,Ciudad 03,,Francia
10309,YHAAH,3,2020-06-29 13:36:00,2020-07-27,2020-07-02,1,110.8,Ciudad 07,,Brasil
10310,XZGTP,1,2020-01-06 10:50:00,2020-02-03,2020-01-16,3,40.25,Ciudad 05,,Francia
10311,IAKCY,6,2020-08-17 17:57:00,2020-09-14,2020-09-17,2,73.25,Ciudad 54,,Reino Unido
10312,AMKXP,1,2020-03-10 17:03:00,2020-04-07,2020-03-23,1,41.27,Ciudad 11,,Australia
10313,EZSXH,4,2020-09-26 13:15:00,2020-10-24,2020-10-24,3,63.15,Ciudad 21,,EE.UU.
10314,XZGTP,2,2020-05-01 15:47:00,2020-05-29,2020-05-26,3,224.5,Ciudad 05,,Francia
10315,EWHZJ,6,2020-10-06 18:56:00,2020-11-03,2020-11-07,3,216.8,Ciudad 36,,Dinamarca
10316,QYNXK,3,2020-01-17 16:38:00,2020-02-14,2020-02-10,1,220.1,Ciudad 68,Región,Polonia
10317,WNTIS,5,2019-08-03 10:45:00,2019-08-31,2019-08-20,2,71.34,Ciudad 36,,EE.UU.
10318,VGMIO,6,2020-11-21 14:21:00,2020-12-19,2020-12-08,1,7.07,Ciudad 31,Región,Finlandia
10319,TMXBF,8,2020-05-03 12:04:00,2020-05-31,2020-05-16,3,108.17,Ciudad 69,,Noruega
10320,TMXBF,3,2019-10-20 16:36:00,2019-11-17,2019-11-24,1,124.59,Ciudad 69,,Noruega
10321,LKXAI,8,2020-06-26 10:21:00,2020-07-24,2020-07-22,3,131.39,Ciudad 06,Región,Suiza
10322,WNCLH,1,2021-03-09 11:23:00,2021-04-06,,3,106.05,Ciudad 54,,Dinamarca
10323,UNPFI,1,2020-09-26 13:12:00,2020-10-24,2020-10-11,1,62.92,Ciudad 35,Región,Argentina
10324,EWQCH,4,2021-01-26 11:04:00,2021-02-23,2021-02-04,1,12.27,Ciudad 26,Región,Canadá
10325,AODRM,5,2020-10-05 10:40:00,2020-11-02,2020-10-25,2,14.73,Ciudad 39,,Argentina
10326,EZSXH,9,2020-06-09 09:38:00,2020-07-07,2020-07-03,3,247.99,Ciudad 21,,EE.UU.
10327,WPYMO,6,2020-05-23 09:19:00,2020-06-20,2020-06-16,1,100.9,Ciudad 02,,Canadá
10328,KINOC,3,2020-10-31 12:59:00,2020-11-28,2020-11-21,2,82.45,Ciudad 02,,Portugal
10329,ARUPY,9,2020-02-28 16:28:00,2020-03-27,2020-03-17,3,92.04,Ciudad 62,,Portugal
10330,ABOZO,2,2020-11-12 12:10:00,2020-12-10,2020-12-07,1,74.78,Ciudad 68,Región,Australia
10331,IBHPP,6,2019-11-25 15:15:00,2019-12-23,2019-12-30,2,220.22,Ciudad 01,Región,Canadá
10332,GMUGJ,3,2020-01-11 12:20:00,2020-02-08,2020-02-10,2,214.89,Ciudad 28,,España
10333,CRBOU,9,2019-11-15 09:45:00,2019-12-13,2019-12-10,3,23.8,Ciudad 60,Región,México
10334,YHAAH,3,2021-04-23 18:39:00,2021-05-21,2021-05-24,1,123.61,Ciudad 07,Región,Brasil
10335,OBWWH,6,2020-07-15 15:32:00,2020-08-12,2020-08-13,1,5.26,Ciudad 08,,Italia
10336,OMMPQ,3,2020-02-14 08:19:00,2020-03-13,2020-02-17,3,77.95,Ciudad 16,,Polonia
10337,OBWWH,3,2020-04-24 10:51:00,2020-05-22,2020-04-28,2,236.07,Ciudad 08,,Italia
10338,AODRM,4,2020-01-20 13:37:00,2020-02-17,2020-02-22,2,74.23,Ciudad 39,Región,Argentina
10339,FWXFW,8,2020-07-22 15:23:00,2020-08-19,2020-08-19,1,104.93,Ciudad 47,Región,Reino Unido
10340,PHGRR,5,2020-12-07 15:53:00,2021-01-04,2020-12-12,1,90.32,Ciudad 62,Región,Polonia
10341,XLPUE,7,2019-10-22 18:59:00,2019-11-19,2019-11-25,3,145.2,Ciudad 61,,Finlandia
10342,MTPNQ,9,2020-04-08 16:01:00,2020-05-06,2020-04-28,1,35.86,Ciudad 12,,Austria
10343,PHGRR,4,2021-04-05 11:29:00,2021-05-03,2021-04-29,3,102.33,Ciudad 62,,Polonia
10344,PILRH,6,2020-05-06 15:56:00,2020-06-03,2020-05-30,1,117.45,Ciudad 52,,Francia
10345,YGUPQ,6,2020-12-22 08:21:00,2021-01-19,2020-12-23,3,166.17,Ciudad 38,,Italia
10346,YHAAH,8,2019-11-29 17:13:00,2019-12-27,2019-12-28,2,12.43,Ciudad 07,,Brasil
10347,EWQCH,5,2020-08-17 14:59:00,2020-09-14,2020-08-29,2,25.74,Ciudad 26,,Canadá
10348,OEZOA,1,2019-10-14 16:00:00,2019-11-11,,2,77.63,Ciudad 01,Región,Brasil
10349,ZHCRB,5,2021-02-20 13:52:00,2021-03-20,2021-03-24,2,178.45,Ciudad 65,Región,Polonia
10350,MTPNQ,8,2020-07-30 13:07:00,2020-08-27,2020-08-07,2,46.19,Ciudad 12,,Austria
10351,CDLRH,6,2021-04-23 08:27:00,2021-05-21,2021-04-25,1,205.44,Ciudad 02,Región,Canadá
10352,ZHCRB,4,2020-10-30 08:12:00,2020-11-27,2020-11-23,3,162.98,Ciudad 65,,Polonia
10353,KDERT,5,2020-02-27 13:57:00,2020-03-26,2020-03-24,1,248.87,Ciudad 25,,Portugal
10354,JUIWI,4,2019-09-08 08:37:00,2019-10-06,2019-10-01,3,8.9,Ciudad 10,,España
10355,GFBCR,7,2020-03-02 17:25:00,2020-03-30,,2,161.45,Ciudad 26,,Portugal
10356,VUSXS,2,2020-06-28 17:18:00,2020-07-26,2020-07-23,3,49.68,Ciudad 55,Región,Alemania
10357,KTMWM,4,2021-02-13 16:59:00,2021-03-13,2021-02-22,2,95.04,Ciudad 35,,EE.UU.
10358,EETZO,8,2020-01-18 10:45:00,2020-02-15,2020-01-25,1,158.15,Ciudad 45,Región,Australia
10359,EWQCH,7,2020-03-07 08:52:00,2020-04-04,2020-04-08,3,231.17,Ciudad 26,Región,Canadá
10360,MTPNQ,8,2019-07-08 11:54:00,2019-08-05,2019-07-30,1,246.12,Ciudad 12,,Austria
10361,JFEIL,2,2020-01-01 15:38:00,2020-01-29,2020-01-28,3,158.72,Ciudad 69,,México
10362,PILRH,1,2021-04-08 11:38:00,2021-05-06,2021-04-20,2,11.9,Ciudad 52,Región,Francia
10363,CAJJZ,7,2020-02-10 18:16:00,2020-03-09,2020-02-11,1,211.82,Ciudad 02,,Portugal
10364,IBHPP,6,2019-10-13 17:03:00,2019-11-10,2019-11-06,3,227.36,Ciudad 01,,Canadá
10365,IEHDF,4,2020-09-28 10:54:00,2020-10-26,2020-10-08,3,60.55,Ciudad 66,Región,España
10366,QYNXK,6,2019-07-09 10:42:00,2019-08-06,2019-08-06,3,144.67,Ciudad 68,,Polonia
10367,AODRM,3,2020-02-07 09:11:00,2020-03-06,2020-03-02,3,5.71,Ciudad 39,,Argentina
10368,IFHOG,1,2019-10-27 16:14:00,2019-11-24,2019-11-29,3,75.49,Ciudad 60,Región,Francia
10369,LQAJJ,9,2020-04-16 15:23:00,2020-05-14,2020-05-10,2,173.96,Ciudad 58,Región,Suecia
10370,WEAQJ,7,2020-09-28 17:02:00,2020-10-26,2020-09-30,2,238.38,Ciudad 56,,Italia
10371,OKGYN,7,2021-03-26 14:06:00,2021-04-23,2021-04-26,1,130.83,Ciudad 64,,Noruega
10372,YGUPQ,4,2021-02-14 09:46:00,2021-03-14,2021-03-11,2,116.52,Ciudad 38,Región,Italia
10373,IFHOG,2,2020-01-22 16:20:00,2020-02-19,2020-01-28,2,120.83,Ciudad 60,Región,Francia
10374,KTMWM,2,2020-11-27 18:39:00,2020-12-25,2020-12-23,2,92.57,Ciudad 35,Región,EE.UU.
10375,JOPKE,7,2019-12-10 13:38:00,2020-01-07,2020-01-01,2,103.58,Ciudad 20,Región,Finlandia
10376,PILRH,4,2021-03-08 08:22:00,2021-04-05,2021-04-08,2,90.6,Ciudad 52,,Francia
10377,WEAQJ,3,2020-06-26 09:47:00,2020-07-24,2020-07-28,2,89.24,Ciudad 56,Región,Italia
10378,MYUOP,9,2021-03-30 10:41:00,2021-04-27,2021-04-11,1,215.26,Ciudad 23,,Australia
10379,GSKSA,2,2019-08-05 16:55:00,2019-09-02,2019-08-21,2,215.69,Ciudad 31,Región,Canadá
10380,EWHZJ,9,2020-11-20 13:37:00,2020-12-18,2020-12-04,1,46.19,Ciudad 36,Región,Dinamarca
10381,WDZSH,1,2021-04-24 08:20:00,2021-05-22,2021-05-20,1,41.26,Ciudad 45,,Italia
10382,PPNKD,9,2021-02-09 18:13:00,2021-03-09,2021-02-14,1,189.59,Ciudad 25,Región,Bélgica
10383,EETZO,5,2020-08-24 13:08:00,2020-09-21,2020-08-27,1,226.45,Ciudad 45,,Australia
10384,WNCLH,9,2019-10-19 18:00:00,2019-11-16,,2,175.24,Ciudad 54,Región,Dinamarca
10385,XLPUE,3,2020-04-19 10:24:00,2020-05-17,2020-04-24,1,114.76,Ciudad 61,Región,Finlandia
10386,MTPNQ,3,2021-01-13 15:22:00,2021-02-10,2021-02-06,3,99.64,Ciudad 12,,Austria
10387,RVAML,1,2021-02-13 11:53:00,2021-03-13,2021-03-18,2,168.76,Ciudad 39,Región,Austria
10388,DDGUG,3,2019-08-30 12:33:00,2019-09-27,2019-09-04,1,227.39,Ciudad 39,Región,México
10389,RUNCK,3,2020-04-25 18:40:00,2020-05-23,2020-05-11,3,129.74,Ciudad 28,,Polonia
10390,VXISR,3,2021-02-22 09:15:00,2021-03-22,2021-03-16,3,103.72,Ciudad 21,,Brasil
10391,ORYAY,1,2019-08-11 11:49:00,2019-09-08,2019-08-20,3,70.2,Ciudad 43,,Francia
10392,VUSXS,5,2019-07-27 16:24:00,2019-08-24,2019-08-06,1,53.27,Ciudad 55,,Alemania
10393,ARPIO,4,2019-11-19 15:00:00,2019-12-17,2019-11-25,3,100.38,Ciudad 22,,Dinamarca
10394,JFEIL,3,2019-10-08 08:18:00,2019-11-05,2019-11-02,2,150.05,Ciudad 69,Región,México
10395,VUSXS,1,2021-03-07 08:18:00,2021-04-04,2021-03-20,3,139.89,Ciudad 55,,Alemania
10396,UNPFI,5,2020-09-26 17:23:00,2020-10-24,,1,58.9,Ciudad 35,,Argentina
10397,CRBOU,9,2021-02-14 12:47:00,2021-03-14,2021-03-04,3,209.71,Ciudad 60,Región,México
10398,TVMDU,8,2020-08-10 08:53:00,2020-09-07,2020-09-13,1,112.97,Ciudad 60,Región,Austria
10399,UNPFI,1,2020-01-28 13:23:00,2020-02-25,2020-02-28,2,229.67,Ciudad 35,Región,Argentina
10400,AODRM,3,2020-08-10 16:20:00,2020-09-07,2020-08-15,1,112.32,Ciudad 39,Región,Argentina
10401,MCCJA,7,2020-05-23 11:15:00,2020-06-20,2020-06-27,1,87.74,Ciudad 17,,Reino Unido
10402,VUSXS,9,2020-03-09 17:25:00,2020-04-06,2020-03-22,1,76.02,Ciudad 55,,Alemania
10403,JOPKE,2,2020-04-12 08:45:00,2020-05-10,2020-05-07,2,225.6,Ciudad 20,Región,Finlandia
10404,OKGYN,8,2019-09-18 10:37:00,2019-10-16,2019-10-16,1,75.75,Ciudad 64,,Noruega
10405,LQSSY,8,2020-08-29 11:34:00,2020-09-26,2020-08-30,2,149.27,Ciudad 09,,Suecia
10406,KSKIC,6,2020-01-25 16:29:00,2020-02-22,2020-02-15,1,77.88,Ciudad 09,Región,Suiza
10407,LQSSY,9,2019-12-25 09:57:00,2020-01-22,2020-01-03,2,173.22,Ciudad 09,,Suecia
10408,ARUPY,1,2019-08-12 16:38:00,2019-09-09,2019-09-08,3,142.13,Ciudad 62,,Portugal
10409,JUIWI,1,2020-04-20 11:37:00,2020-05-18,2020-05-25,2,25.83,Ciudad 10,,España
10410,KUABU,5,2020-05-27 11:15:00,2020-06-24,2020-06-19,2,10.73,Ciudad 22,,Portugal
10411,KDERT,5,2020-04-09 09:17:00,2020-05-07,2020-04-13,1,47.16,Ciudad 25,,Portugal
10412,YGUPQ,2,2019-10-09 11:23:00,2019-11-06,2019-10-15,2,13.86,Ciudad 38,,Italia
10413,ZFYWY,9,2020-07-31 17:45:00,2020-08-28,2020-08-14,3,143.28,Ciudad 04,Región,Canadá
10414,QYNXK,7,2019-11-27 17:49:00,2019-12-25,2019-12-19,1,84.73,Ciudad 68,Región,Polonia
10415,MYUOP,5,2021-02-20 13:28:00,2021-03-20,2021-03-20,1,134.31,Ciudad 23,Región,Australia
10416,WUSQA,6,2020-12-13 12:43:00,2021-01-10,2021-01-13,2,24.87,Ciudad 62,Región,Canadá
10417,PPNKD,4,2020-01-22 13:37:00,2020-02-19,2020-02-10,1,123.36,Ciudad 25,Región,Bélgica
10418,EETZO,5,2020-10-04 10:04:00,2020-11-01,,3,66.25,Ciudad 45,Región,Australia
10419,CRBOU,2,2020-05-15 09:09:00,2020-06-12,2020-05-21,2,76.77,Ciudad 60,,México
10420,EYYSN,6,2019-09-13 17:00:00,2019-10-11,2019-09-21,3,66.93,Ciudad 34,,Noruega
10421,DDGUG,9,2020-11-19 11:20:00,2020-12-17,2020-11-23,1,0.55,Ciudad 39,,México
10422,LQAJJ,8,2020-09-29 10:20:00,2020-10-27,2020-10-26,2,38.18,Ciudad 58,,Suecia
10423,CFRKI,1,2020-07-08 09:41:00,2020-08-05,2020-07-11,1,84.81,Ciudad 15,Región,España
10424,EZSXH,2,2020-03-24 12:39:00,2020-04-21,2020-04-06,3,203.57,Ciudad 21,,EE.UU.
10425,ARUPY,4,2020-05-19 17:34:00,2020-06-16,2020-06-18,1,221.37,Ciudad 62,Región,Portugal
10426,CAJJZ,1,2020-04-05 15:27:00,2020-05-03,2020-04-13,1,148.11,Ciudad 02,Región,Portugal
10427,PHGRR,1,2020-10-10 16:36:00,2020-11-07,2020-11-06,2,28.28,Ciudad 62,,Polonia
10428,QPTDN,4,2020-01-04 16:06:00,2020-02-01,2020-02-07,1,149.99,Ciudad 65,,Austria
10429,QDKDT,4,2021-05-06 15:30:00,2021-06-03,2021-06-03,1,191.23,Ciudad 04,,Irlanda
10430,QYNXK,7,2020-10-14 17:44:00,2020-11-11,2020-10-17,1,57.7,Ciudad 68,Región,Polonia
10431,WEAQJ,3,2020-10-24 08:52:00,2020-11-21,2020-10-26,2,89.24,Ciudad 56,Región,Italia
10432,XZGTP,9,2020-09-18 10:01:00,2020-10-16,2020-10-17,2,98.18,Ciudad 05,,Francia
10433,LQSSY,7,2021-03-24 15:04:00,2021-04-21,2021-03-29,1,49.89,Ciudad 09,,Suecia
10434,VXISR,6,2020-02-20 13:10:00,2020-03-19,2020-02-25,2,218.06,Ciudad 21,Región,Brasil
10435,TMXBF,2,2020-06-02 09:18:00,2020-06-30,2020-06-03,3,192.63,Ciudad 69,,Noruega
10436,IFHOG,7,2020-08-30 09:21:00,2020-09-27,2020-09-07,2,79.97,Ciudad 60,,Francia
10437,IFHOG,4,2020-02-21 13:59:00,2020-03-20,2020-03-24,2,11.3,Ciudad 60,,Francia
10438,LQAJJ,5,2020-01-02 17:56:00,2020-01-30,2020-01-26,1,177.52,Ciudad 58,Región,Suecia
10439,WNCLH,6,2021-02-18 16:06:00,2021-03-18,2021-03-02,2,60.15,Ciudad 54,Región,Dinamarca
10440,PHGRR,7,2019-12-02 16:18:00,2019-12-30,2019-12-14,1,193.9,Ciudad 62,Región,Polonia
10441,WDZSH,4,2020-02-19 08:10:00,2020-03-18,2020-03-13,1,6.05,Ciudad 45,Región,Italia
10442,VXISR,9,2021-01-14 12:15:00,2021-02-11,2021-01-28,1,32.76,Ciudad 21,Región,Brasil
10443,GCSLF,1,2021-03-15 16:11:00,2021-04-12,2021-03-26,2,153.08,Ciudad 50,,España
10444,JOPKE,9,2021-02-09 14:13:00,2021-03-09,2021-02-15,2,191.83,Ciudad 20,Región,Finlandia
10445,WJQYI,5,2020-08-19 15:14:00,2020-09-16,2020-09-07,1,138.04,Ciudad 14,,Canadá
10446,PMOOX,1,2020-02-27 08:06:00,2020-03-26,2020-03-29,2,2.68,Ciudad 03,Región,Francia
10447,KTMWM,3,2020-01-07 08:08:00,2020-02-04,,3,200.15,Ciudad 35,,EE.UU.
10448,GCSLF,5,2019-07-04 08:45:00,2019-08-01,2019-07-21,2,51.52,Ciudad 50,,España
10449,MHCEX,1,2020-01-23 16:42:00,2020-02-20,2020-01-27,3,179.84,Ciudad 69,Región,Suecia
10450,VXISR,3,2021-02-20 08:44:00,2021-03-20,2021-03-09,1,28.15,Ciudad 21,Región,Brasil
10451,LQAJJ,7,2020-10-29 13:06:00,2020-11-26,2020-11-17,2,156.99,Ciudad 58,Región,Suecia
10452,ZHCRB,6,2020-12-19 14:57:00,2021-01-16,2021-01-07,2,172.72,Ciudad 65,Región,Polonia
10453,JQCTG,1,2019-12-23 14:15:00,2020-01-20,2020-01-15,3,89.06,Ciudad 34,,México
10454,WNCLH,7,2020-08-04 08:23:00,2020-09-01,2020-08-12,3,56.76,Ciudad 54,,Dinamarca
10455,ARPIO,3,2021-04-30 15:08:00,2021-05-28,2021-05-30,1,93.99,Ciudad 22,Región,Dinamarca
10456,WUSQA,4,2020-08-02 15:43:00,2020-08-30,,2,65.31,Ciudad 62,,Canadá
10457,LKXAI,7,2021-03-30 09:45:00,2021-04-27,2021-05-04,2,203.45,Ciudad 06,,Suiza
10458,WJQYI,3,2020-04-12 13:07:00,2020-05-10,2020-04-17,3,218.68,Ciudad 14,,Canadá
10459,GMUGJ,6,2020-02-03 12:05:00,2020-03-02,2020-02-22,3,54.34,Ciudad 28,,España
10460,QPTDN,4,2020-02-29 10:15:00,2020-03-28,2020-03-19,2,36.29,Ciudad 65,,Austria
10461,MTPNQ,4,2019-12-22 09:21:00,2020-01-19,2020-01-04,3,91.07,Ciudad 12,,Austria
10462,RVDMH,2,2020-12-05 17:04:00,2021-01-02,2021-01-01,2,191.42,Ciudad 05,,Polonia
10463,UNPFI,7,2020-09-13 12:14:00,2020-10-11,2020-10-03,2,230.85,Ciudad 35,Región,Argentina
10464,ZFYWY,7,2021-03-28 14:17:00,2021-04-25,2021-04-23,3,166.22,Ciudad 04,,Canadá
10465,QYNXK,1,2020-05-10 13:32:00,2020-06-07,2020-05-15,2,186.99,Ciudad 68,,Polonia
10466,CAJJZ,1,2019-11-05 14:19:00,2019-12-03,2019-11-16,3,39.56,Ciudad 02,,Portugal
10467,MCCJA,8,2020-10-06 12:43:00,2020-11-03,2020-11-04,2,102.45,Ciudad 17,,Reino Unido
10468,YHAAH,4,2020-10-18 09:00:00,2020-11-15,2020-11-19,1,55.9,Ciudad 07,,Brasil
10469,JOPKE,7,2021-05-05 16:54:00,2021-06-02,2021-05-24,3,14.47,Ciudad 20,Región,Finlandia
10470,QYNXK,9,2021-04-18 08:31:00,2021-05-16,2021-05-08,2,76.41,Ciudad 68,Región,Polonia
10471,VXISR,8,2019-07-15 08:53:00,2019-08-12,2019-07-23,2,134.03,Ciudad 21,,Brasil
10472,KUABU,9,2020-12-25 14:42:00,2021-01-22,2021-01-23,1,13.6,Ciudad 22,,Portugal
10473,GCSLF,9,2019-07-11 15:06:00,2019-08-08,2019-07-15,1,63.53,Ciudad 50,,España
10474,EYYSN,5,2021-02-24 08:57:00,2021-03-24,2021-03-10,1,215.24,Ciudad 34,Región,Noruega
10475,EETZO,9,2021-04-22 13:46:00,2021-05-20,2021-05-13,2,205.77,Ciudad 45,Región,Australia
10476,VUSXS,8,2019-07-26 11:39:00,2019-08-23,2019-08-08,1,201.36,Ciudad 55,,Alemania
10477,FWTMU,8,2021-03-21 15:10:00,2021-04-18,2021-04-21,1,167.9,Ciudad 52,,Austria
10478,GSKSA,8,2020-09-17 09:59:00,2020-10-15,2020-09-27,1,248.09,Ciudad 31,Región,Canadá
10479,RUNCK,5,2019-09-30 13:09:00,2019-10-28,2019-10-15,3,163.84,Ciudad 28,,Polonia
10480,KINOC,9,2019-07-18 10:30:00,2019-08-15,2019-08-13,1,188.99,Ciudad 02,,Portugal
10481,VGMIO,4,2021-04-10 13:53:00,2021-05-08,2021-04-14,3,24.46,Ciudad 31,Región,Finlandia
10482,JFEIL,1,2021-03-26 11:35:00,2021-04-23,2021-04-12,2,131.94,Ciudad 69,Región,México
10483,TVMDU,2,2020-01-16 10:34:00,2020-02-13,2020-01-22,1,21.55,Ciudad 60,,Austria
10484,OEZOA,3,2021-03-05 13:04:00,2021-04-02,2021-03-09,1,73.98,Ciudad 01,,Brasil
10485,WPYMO,3,2020-02-15 11:36:00,2020-03-14,2020-03-14,3,120.16,Ciudad 02,,Canadá
10486,CHJHK,7,2019-08-10 10:05:00,2019-09-07,2019-09-04,2,245.41,Ciudad 57,,Suiza
10487,MSESF,4,2020-10-29 14:18:00,2020-11-26,2020-11-18,3,94.02,Ciudad 02,,Portugal
10488,OEZOA,8,2019-11-08 18:17:00,2019-12-06,2019-11-09,2,32.33,Ciudad 01,,Brasil
10489,UQMTR,9,2020-04-15 09:01:00,2020-05-13,2020-05-06,3,31.12,Ciudad 31,,España
10490,KINOC,9,2020-08-27 13:29:00,2020-09-24,,3,25.63,Ciudad 02,,Portugal
10491,EHVXH,6,2020-05-17 16:35:00,2020-06-14,2020-05-21,2,166.42,Ciudad 34,Región,Noruega
10492,MYUOP,3,2020-11-16 14:04:00,2020-12-14,2020-11-17,2,19.49,Ciudad 23,,Australia
10493,PHGRR,9,2020-11-04 11:07:00,2020-12-02,2020-11-15,3,141.5,Ciudad 62,Región,Polonia
10494,PMOOX,1,2020-09-11 17:57:00,2020-10-09,2020-10-16,3,114.76,Ciudad 03,Región,Francia
10495,MCCJA,6,2019-09-02 17:24:00,2019-09-30,2019-09-13,2,108.78,Ciudad 17,,Reino Unido
10496,FWTMU,9,2021-01-18 10:02:00,2021-02-15,2021-02-04,1,145.47,Ciudad 52,Región,Austria
10497,HXEEG,2,2021-01-23 09:13:00,2021-02-20,2021-02-15,1,13.53,Ciudad 42,Región,Polonia
10498,LQSSY,4,2020-01-22 16:15:00,2020-02-19,2020-02-08,3,237.36,Ciudad 09,Región,Suecia
10499,QDKDT,7,2019-12-18 16:08:00,2020-01-15,2020-01-21,1,147.63,Ciudad 04,Región,Irlanda
10500,KUABU,9,2020-08-02 12:24:00,2020-08-30,2020-08-25,1,37.32,Ciudad 22,Región,Portugal
10501,PPNKD,7,2019-09-25 17:02:00,2019-10-23,2019-10-14,1,14.56,Ciudad 25,,Bélgica
10502,QYNXK,9,2019-12-28 16:00:00,2020-01-25,2020-01-25,3,167.0,Ciudad 68,,Polonia
10503,WNTIS,2,2021-04-01 11:46:00,2021-04-29,2021-04-14,2,238.81,Ciudad 36,,EE.UU.
10504,VUSXS,3,2020-03-17 12:55:00,2020-04-14,2020-04-05,3,157.26,Ciudad 55,Región,Alemania
10505,IEHDF,6,2021-03-27 12:42:00,2021-04-24,2021-04-07,1,191.45,Ciudad 66,,España
10506,ZFYWY,1,2020-01-11 08:15:00,2020-02-08,2020-01-19,1,178.69,Ciudad 04,,Canadá
10507,AODRM,9,2020-08-07 11:04:00,2020-09-04,2020-08-13,1,180.99,Ciudad 39,,Argentina
10508,GCSLF,9,2020-07-10 09:05:00,2020-08-07,2020-07-19,3,119.34,Ciudad 50,Región,España
10509,EYYSN,1,2020-05-07 17:28:00,2020-06-04,2020-06-01,2,129.68,Ciudad 34,,Noruega
10510,ARPIO,5,2019-11-05 08:19:00,2019-12-03,2019-11-18,2,124.16,Ciudad 22,,Dinamarca
10511,LQSSY,3,2020-06-14 12:44:00,2020-07-12,2020-07-04,3,140.49,Ciudad 09,,Suecia
10512,TMXBF,7,2020-10-06 14:20:00,2020-11-03,2020-10-10,1,51.31,Ciudad 69,,Noruega
10513,AMKXP,3,2020-04-22 16:05:00,2020-05-20,2020-05-01,2,227.04,Ciudad 11,Región,Australia
10514,JQCTG,4,2019-08-13 11:51:00,2019-09-10,,3,125.71,Ciudad 34,,México
10515,VGMIO,9,2020-04-25 16:32:00,2020-05-23,2020-05-26,3,94.78,Ciudad 31,,Finlandia
10516,QYNXK,4,2019-09-18 08:43:00,2019-10-16,2019-10-14,3,112.27,Ciudad 68,,Polonia
10517,QVRLL,9,2020-02-19 15:52:00,2020-03-18,2020-02-26,2,14.6,Ciudad 32,Región,Italia
10518,TVMDU,9,2019-12-18 13:53:00,2020-01-15,2019-12-27,3,207.52,Ciudad 60,Región,Austria
10519,MYUOP,1,2020-07-31 13:21:00,2020-08-28,2020-08-19,3,95.52,Ciudad 23,Región,Australia
10520,MHCEX,1,2020-09-02 15:09:00,2020-09-30,2020-10-07,2,153.62,Ciudad 69,Región,Suecia
10521,YQHEC,5,2020-01-06 17:19:00,2020-02-03,2020-01-18,1,242.31,Ciudad 04,Región,Austria
10522,PMOOX,3,2020-09-25 10:19:00,2020-10-23,2020-10-15,3,245.11,Ciudad 03,,Francia
10523,GMUGJ,3,2020-04-25 13:00:00,2020-05-23,2020-05-25,1,127.99,Ciudad 28,,España
10524,WEAQJ,4,2020-05-20 13:05:00,2020-06-17,2020-05-23,2,34.27,Ciudad 56,Región,Italia
10525,YQHEC,6,2019-08-04 14:34:00,2019-09-01,2019-08-24,3,24.15,Ciudad 04,Región,Austria
10526,GCSLF,5,2020-10-31 09:13:00,2020-11-28,2020-11-07,3,53.54,Ciudad 50,Región,España
10527,PPNKD,6,2019-07-30 16:55:00,2019-08-27,2019-08-05,1,120.4,Ciudad 25,,Bélgica
10528,AODRM,1,2019-08-03 14:00:00,2019-08-31,2019-08-05,2,57.72,Ciudad 39,Región,Argentina
10529,DDGUG,9,2020-03-14 18:16:00,2020-04-11,2020-03-15,3,103.99,Ciudad 39,,México
10530,IFHOG,8,2020-04-09 11:38:00,2020-05-07,2020-04-30,2,216.6,Ciudad 60,Región,Francia
10531,MYUOP,5,2021-03-13 09:08:00,2021-04-10,2021-03-15,1,21.7,Ciudad 23,Región,Australia
10532,MCCJA,9,2020-02-24 08:37:00,2020-03-23,2020-03-12,3,39.9,Ciudad 17,,Reino Unido
10533,CAJJZ,8,2020-08-22 09:27:00,2020-09-19,2020-09-16,2,192.61,Ciudad 02,Región,Portugal
10534,XLPUE,8,2020-06-15 18:06:00,2020-07-13,2020-06-17,2,35.15,Ciudad 61,,Finlandia
10535,EZSXH,3,2020-07-29 08:24:00,2020-08-26,2020-08-24,1,167.79,Ciudad 21,,EE.UU.
10536,EWHZJ,9,2021-03-31 14:43:00,2021-04-28,2021-04-06,3,221.67,Ciudad 36,Región,Dinamarca
10537,DLQMD,5,2019-11-15 16:04:00,2019-12-13,2019-11-26,1,156.77,Ciudad 40,,Finlandia
10538,EZSXH,8,2020-07-21 15:04:00,2020-08-18,2020-08-19,1,44.44,Ciudad 21,,EE.UU.
10539,RUNCK,6,2020-08-29 08:21:00,2020-09-26,,3,231.76,Ciudad 28,,Polonia
10540,VUSXS,7,2020-07-13 18:22:00,2020-08-10,2020-08-07,2,100.92,Ciudad 55,Región,Alemania
10541,IFHOG,7,2019-10-08 18:38:00,2019-11-05,2019-11-11,3,6.79,Ciudad 60,Región,Francia
10542,VUSXS,7,2019-12-13 18:06:00,2020-01-10,2019-12-30,1,178.46,Ciudad 55,,Alemania
10543,EHVXH,4,2020-10-21 14:59:00,2020-11-18,2020-10-28,2,229.53,Ciudad 34,,Noruega
10544,LQSSY,7,2020-06-25 14:31:00,2020-07-23,2020-06-30,1,77.38,Ciudad 09,Región,Suecia
10545,KTMWM,4,2021-02-27 13:23:00,2021-03-27,2021-03-28,2,134.76,Ciudad 35,Región,EE.UU.
10546,WEAQJ,9,2019-12-21 12:38:00,2020-01-18,2020-01-11,2,49.43,Ciudad 56,Región,Italia
10547,DDGUG,8,2019-11-28 17:54:00,2019-12-26,2020-01-02,3,55.1,Ciudad 39,,México
10548,WUSQA,5,2019-10-10 08:32:00,2019-11-07,2019-10-26,1,226.4,Ciudad 62,,Canadá
10549,OMMPQ,8,2020-11-18 15:23:00,2020-12-16,2020-12-06,2,30.05,Ciudad 16,,Polonia
10550,CDLRH,7,2020-11-27 14:30:00,2020-12-25,2020-12-20,3,200.74,Ciudad 02,,Canadá
10551,AMKXP,2,2021-02-18 18:18:00,2021-03-18,2021-03-12,1,83.42,Ciudad 11,,Australia
10552,PPNKD,5,2020-11-22 09:31:00,2020-12-20,2020-12-26,2,92.37,Ciudad 25,Región,Bélgica
10553,EYYSN,7,2020-02-22 11:13:00,2020-03-21,2020-03-16,3,47.54,Ciudad 34,Región,Noruega
10554,CAJJZ,1,2019-09-02 10:10:00,2019-09-30,2019-09-13,3,142.88,Ciudad 02,,Portugal
10555,BXJIB,5,2020-09-08 10:08:00,2020-10-06,2020-10-13,3,160.19,Ciudad 45,,Noruega
10556,CDLRH,3,2019-12-09 11:54:00,2020-01-06,2020-01-03,1,6.22,Ciudad 02,,Canadá
10557,YGUPQ,9,2019-10-02 18:18:00,2019-10-30,2019-11-02,2,36.67,Ciudad 38,,Italia
10558,KTMWM,7,2019-12-06 12:21:00,2020-01-03,2019-12-15,3,2.76,Ciudad 35,Región,EE.UU.
10559,UNPFI,3,2020-05-18 18:35:00,2020-06-15,2020-06-12,1,123.97,Ciudad 35,,Argentina
10560,ARPIO,9,2020-05-14 11:25:00,2020-06-11,2020-06-14,1,87.08,Ciudad 22,,Dinamarca
10561,YGUPQ,8,2021-04-18 15:40:00,2021-05-16,2021-04-26,3,13.58,Ciudad 38,,Italia
10562,PHGRR,9,2019-08-08 18:35:00,2019-09-05,2019-08-19,1,110.85,Ciudad 62,Región,Polonia
10563,WOHLE,5,2020-11-07 09:00:00,2020-12-05,2020-11-13,2,174.76,Ciudad 15,,Dinamarca
10564,UNPFI,3,2020-08-22 08:56:00,2020-09-19,2020-09-19,3,49.49,Ciudad 35,Región,Argentina
10565,CDLRH,7,2020-02-26 17:27:00,2020-03-25,2020-03-06,1,33.53,Ciudad 02,Región,Canadá
10566,VUSXS,1,2021-01-09 13:33:00,2021-02-06,2021-01-16,1,218.46,Ciudad 55,,Alemania
10567,WNCLH,1,2020-04-02 14:26:00,2020-04-30,2020-04-20,3,115.98,Ciudad 54,,Dinamarca
10568,ZFYWY,4,2021-03-18 16:12:00,2021-04-15,2021-03-31,1,1.59,Ciudad 04,Región,Canadá
10569,MYUOP,9,2020-10-02 12:58:00,2020-10-30,2020-10-11,2,30.21,Ciudad 23,,Australia
10570,CAJJZ,4,2020-09-13 08:18:00,2020-10-11,2020-09-29,3,190.1,Ciudad 02,,Portugal
10571,WJQYI,7,2019-09-07 12:05:00,2019-10-05,2019-10-07,1,28.18,Ciudad 14,,Canadá
10572,WUSQA,6,2020-10-26 13:39:00,2020-11-23,2020-11-22,1,14.74,Ciudad 62,,Canadá
10573,QYNXK,2,2020-09-15 16:01:00,2020-10-13,2020-09-27,2,145.56,Ciudad 68,Región,Polonia
10574,ZHCRB,9,2021-05-01 14:57:00,2021-05-29,2021-05-10,1,2.28,Ciudad 65,,Polonia
10575,RVDMH,7,2020-08-27 16:58:00,2020-09-24,2020-09-26,1,181.36,Ciudad 05,,Polonia
10576,QPTDN,4,2021-04-20 08:03:00,2021-05-18,2021-05-22,3,198.83,Ciudad 65,,Austria
10577,EHVXH,8,2021-04-23 14:00:00,2021-05-21,2021-05-11,2,165.17,Ciudad 34,,Noruega
10578,WJQYI,2,2019-11-14 15:30:00,2019-12-12,2019-12-18,1,38.14,Ciudad 14,Región,Canadá
10579,FWTMU,1,2019-08-25 14:53:00,2019-09-22,2019-09-06,3,125.88,Ciudad 52,,Austria
10580,FWXFW,1,2019-12-11 13:19:00,2020-01-08,2020-01-14,2,52.59,Ciudad 47,,Reino Unido
10581,ABOZO,8,2021-01-27 14:22:00,2021-02-24,2021-02-27,3,200.59,Ciudad 68,Región,Australia
10582,IFHOG,9,2019-11-09 17:35:00,2019-12-07,2019-12-03,2,178.87,Ciudad 60,Región,Francia
10583,OEZOA,8,2021-04-02 15:27:00,2021-04-30,2021-04-06,2,99.48,Ciudad 01,Región,Brasil
10584,MSESF,9,2020-10-28 14:49:00,2020-11-25,2020-11-30,2,149.86,Ciudad 02,,Portugal
10585,EWQCH,8,2019-07-05 12:22:00,2019-08-02,2019-07-07,1,214.02,Ciudad 26,,Canadá
10586,OMMPQ,9,2021-05-01 17:59:00,2021-05-29,2021-05-12,3,9.63,Ciudad 16,Región,Polonia
10587,YGUPQ,8,2019-09-23 15:57:00,2019-10-21,2019-09-28,1,111.67,Ciudad 38,Región,Italia
10588,MHCEX,4,2019-11-23 09:07:00,2019-12-21,2019-12-05,2,192.05,Ciudad 69,,Suecia
10589,WPYMO,8,2020-02-19 10:12:00,2020-03-18,2020-03-14,1,236.53,Ciudad 02,,Canadá
10590,IAKCY,9,2019-10-25 12:46:00,2019-11-22,2019-10-28,3,44.11,Ciudad 54,Región,Reino Unido
10591,EYYSN,8,2021-02-18 09:15:00,2021-03-18,2021-02-20,3,102.42,Ciudad 34,Región,Noruega
10592,WEAQJ,8,2021-04-27 09:37:00,2021-05-25,2021-05-25,2,35.99,Ciudad 56,,Italia
10593,MSESF,9,2020-12-29 15:58:00,2021-01-26,2021-01-24,2,151.43,Ciudad 02,Región,Portugal
10594,ZFYWY,2,2020-05-01 18:27:00,2020-05-29,2020-05-14,1,13.46,Ciudad 04,,Canadá
10595,PMOOX,2,2020-09-05 16:49:00,2020-10-03,2020-09-10,3,124.48,Ciudad 03,,Francia
10596,WJQYI,1,2020-12-22 14:03:00,2021-01-19,,1,188.33,Ciudad 14,,Canadá
10597,ZFYWY,2,2019-07-12 09:41:00,2019-08-09,2019-07-16,3,204.73,Ciudad 04,,Canadá
10598,WNCLH,5,2020-12-04 13:47:00,2021-01-01,2020-12-09,3,247.57,Ciudad 54,,Dinamarca
10599,ABOZO,1,2020-08-16 08:27:00,2020-09-13,2020-09-18,1,22.65,Ciudad 68,,Australia
10600,EYYSN,6,2019-12-04 16:03:00,2020-01-01,2019-12-23,3,192.76,Ciudad 34,Región,Noruega
10601,IBHPP,8,2021-04-11 14:08:00,2021-05-09,2021-05-15,3,179.84,Ciudad 01,Región,Canadá
10602,PMOOX,4,2021-03-30 09:30:00,2021-04-27,2021-04-26,1,51.07,Ciudad 03,Región,Francia
10603,PILRH,7,2020-10-24 12:29:00,2020-11-21,2020-11-23,2,232.21,Ciudad 52,,Francia
10604,ORYAY,5,2021-03-23 12:24:00,2021-04-20,2021-04-24,2,228.26,Ciudad 43,Región,Francia
10605,EWQCH,3,2020-08-20 14:13:00,2020-09-17,2020-09-12,2,49.66,Ciudad 26,Región,Canadá
10606,EWQCH,3,2020-02-13 12:58:00,2020-03-12,2020-02-20,2,244.91,Ciudad 26,,Canadá
10607,EZSXH,8,2020-01-29 15:35:00,2020-02-26,2020-02-24,2,146.5,Ciudad 21,,EE.UU.
10608,EWHZJ,2,2020-04-16 09:17:00,2020-05-14,2020-04-19,3,199.87,Ciudad 36,Región,Dinamarca
10609,JOPKE,1,2020-02-20 09:53:00,2020-03-19,2020-02-23,2,62.25,Ciudad 20,Región,Finlandia
10610,KINOC,2,2020-10-22 17:43:00,2020-11-19,2020-11-20,2,153.57,Ciudad 02,Región,Portugal
10611,LQAJJ,1,2020-06-22 10:58:00,2020-07-20,2020-07-26,2,155.97,Ciudad 58,Región,Suecia
10612,LQAJJ,4,2019-09-15 13:53:00,2019-10-13,2019-10-09,1,176.9,Ciudad 58,Región,Suecia
10613,UQMTR,8,2019-12-16 16:47:00,2020-01-13,2019-12-18,2,116.19,Ciudad 31,,España
10614,EETZO,8,2021-01-06 18:22:00,2021-02-03,2021-01-22,3,213.29,Ciudad 45,Región,Australia
10615,WJQYI,8,2019-07-14 13:14:00,2019-08-11,2019-08-15,2,189.26,Ciudad 14,,Canadá
10616,MTPNQ,1,2019-08-13 10:57:00,2019-09-10,2019-08-22,3,39.65,Ciudad 12,,Austria
10617,EZSXH,3,2020-03-20 12:04:00,2020-04-17,2020-03-30,1,167.86,Ciudad 21,Región,EE.UU.
10618,YHAAH,8,2019-10-14 15:52:00,2019-11-11,2019-11-01,2,39.04,Ciudad 07,,Brasil
10619,WOHLE,9,2021-04-08 16:57:00,2021-05-06,2021-04-21,1,83.93,Ciudad 15,Región,Dinamarca
10620,EETZO,9,2020-03-10 18:32:00,2020-04-07,2020-03-17,3,43.32,Ciudad 45,,Australia
10621,OEZOA,6,2019-12-22 15:28:00,2020-01-19,2020-01-16,2,244.41,Ciudad 01,Región,Brasil
10622,MHCEX,7,2019-10-25 11:35:00,2019-11-22,2019-11-08,3,199.13,Ciudad 69,,Suecia
10623,IFHOG,5,2019-08-12 14:55:00,2019-09-09,2019-09-13,2,157.67,Ciudad 60,Región,Francia
10624,PILRH,8,2020-07-26 09:50:00,2020-08-23,2020-08-17,1,246.03,Ciudad 52,,Francia
10625,FWXFW,2,2020-09-21 10:29:00,2020-10-19,2020-10-01,3,55.8,Ciudad 47,Región,Reino Unido
10626,JFEIL,5,2020-10-23 14:41:00,2020-11-20,2020-10-24,3,25.55,Ciudad 69,,México
10627,RVDMH,2,2021-02-27 08:57:00,2021-03-27,2021-02-28,3,127.8,Ciudad 05,,Polonia
10628,JSSTI,4,2019-07-18 13:15:00,2019-08-15,2019-07-22,2,139.1,Ciudad 38,,Portugal
10629,IAKCY,9,2019-11-19 11:39:00,2019-12-17,2019-12-03,1,12.93,Ciudad 54,,Reino Unido
10630,MCCJA,8,2020-10-13 12:20:00,2020-11-10,2020-10-25,3,180.67,Ciudad 17,Región,Reino Unido
10631,UNYYX,6,2020-10-17 15:00:00,2020-11-14,2020-11-09,2,226.98,Ciudad 17,Región,Italia
10632,UQMTR,8,2019-08-12 14:57:00,2019-09-09,2019-08-14,2,93.28,Ciudad 31,Región,España
10633,RVAML,2,2020-03-01 16:41:00,2020-03-29,2020-03-31,1,139.88,Ciudad 39,,Austria
10634,MSESF,5,2020-01-12 09:06:00,2020-02-09,2020-01-29,3,78.59,Ciudad 02,,Portugal
10635,YQHEC,1,2020-06-10 15:48:00,2020-07-08,2020-07-01,1,195.1,Ciudad 04,,Austria
10636,GMUGJ,7,2020-07-24 17:34:00,2020-08-21,2020-08-27,3,184.41,Ciudad 28,,España
10637,QPTDN,5,2019-10-11 10:58:00,2019-11-08,2019-10-12,1,209.17,Ciudad 65,,Austria
10638,QPTDN,8,2020-01-02 10:27:00,2020-01-30,2020-01-21,2,105.38,Ciudad 65,Región,Austria
10639,QYNXK,9,2021-01-30 18:23:00,2021-02-27,2021-02-10,3,173.12,Ciudad 68,Región,Polonia
10640,GMUGJ,3,2020-03-13 16:31:00,2020-04-10,2020-03-25,3,166.94,Ciudad 28,,España
10641,HXEEG,6,2020-09-01 18:45:00,2020-09-29,2020-09-19,2,21.04,Ciudad 42,Región,Polonia
10642,CAJJZ,3,2020-08-08 16:35:00,2020-09-05,2020-09-12,3,92.77,Ciudad 02,,Portugal
10643,CAJJZ,5,2020-09-08 16:38:00,2020-10-06,2020-10-08,2,21.82,Ciudad 02,,Portugal
10644,JQCTG,9,2020-11-09 12:29:00,2020-12-07,2020-12-08,3,59.51,Ciudad 34,,México
10645,ZHCRB,9,2021-03-14 18:50:00,2021-04-11,,3,58.4,Ciudad 65,Región,Polonia
10646,AODRM,5,2019-10-16 11:37:00,2019-11-13,2019-11-11,2,217.3,Ciudad 39,,Argentina
10647,WOHLE,6,2020-06-08 14:53:00,2020-07-06,2020-06-20,1,33.11,Ciudad 15,,Dinamarca
10648,KINOC,5,2019-10-26 14:59:00,2019-11-23,2019-11-30,3,103.52,Ciudad 02,Región,Portugal
10649,KTMWM,3,2020-03-29 09:04:00,2020-04-26,2020-04-30,2,164.74,Ciudad 35,Región,EE.UU.
10650,WPYMO,5,2020-06-09 11:07:00,2020-07-07,2020-06-23,2,193.24,Ciudad 02,,Canadá
10651,TMXBF,7,2020-09-22 08:45:00,2020-10-20,2020-10-15,2,206.95,Ciudad 69,,Noruega
10652,LKXAI,2,2020-10-20 11:38:00,2020-11-17,2020-10-23,1,71.12,Ciudad 06,Región,Suiza
10653,DLQMD,4,2020-06-06 13:50:00,2020-07-04,2020-06-22,1,17.82,Ciudad 40,Región,Finlandia
10654,WPYMO,9,2020-07-19 16:56:00,2020-08-16,2020-07-31,3,45.09,Ciudad 02,,Canadá
10655,JSSTI,6,2020-09-01 17:33:00,2020-09-29,2020-09-11,2,138.12,Ciudad 38,,Portugal
10656,KTMWM,2,2021-04-07 13:04:00,2021-05-05,2021-04-22,3,183.08,Ciudad 35,,EE.UU.
10657,BXJIB,1,2020-04-25 11:46:00,2020-05-23,2020-05-17,1,10.12,Ciudad 45,,Noruega
10658,EETZO,3,2021-03-21 16:02:00,2021-04-18,2021-04-24,2,74.42,Ciudad 45,,Australia
10659,UNYYX,8,2020-09-24 09:25:00,2020-10-22,2020-10-15,1,79.19,Ciudad 17,,Italia
10660,JFEIL,3,2019-09-09 16:50:00,2019-10-07,2019-09-29,1,142.35,Ciudad 69,,México
10661,RVDMH,1,2019-07-04 08:48:00,2019-08-01,2019-07-06,3,209.57,Ciudad 05,,Polonia
10662,WJQYI,6,2020-10-16 17:24:00,2020-11-13,2020-10-23,3,241.14,Ciudad 14,,Canadá
10663,CFRKI,4,2020-01-11 13:09:00,2020-02-08,2020-01-17,1,143.74,Ciudad 15,Región,España
10664,TMXBF,3,2019-11-21 15:58:00,2019-12-19,2019-12-15,3,172.84,Ciudad 69,Región,Noruega
10665,ARUPY,6,2020-09-14 10:13:00,2020-10-12,2020-10-16,1,169.04,Ciudad 62,Región,Portugal
10666,ABOZO,7,2020-04-09 16:59:00,2020-05-07,2020-05-02,2,177.53,Ciudad 68,Región,Australia
10667,VUSXS,7,2020-06-18 15:57:00,2020-07-16,2020-07-03,2,150.11,Ciudad 55,,Alemania
10668,OBWWH,5,2020-03-31 16:35:00,2020-04-28,2020-04-27,3,82.35,Ciudad 08,Región,Italia
10669,RUNCK,6,2020-06-03 16:03:00,2020-07-01,2020-06-06,1,222.04,Ciudad 28,,Polonia
10670,GMUGJ,3,2019-10-10 09:09:00,2019-11-07,2019-10-26,1,105.95,Ciudad 28,,España
10671,JOPKE,1,2021-02-24 11:17:00,2021-03-24,2021-03-30,3,44.71,Ciudad 20,Región,Finlandia
10672,JUIWI,5,2021-02-09 12:29:00,2021-03-09,2021-02-17,2,244.42,Ciudad 10,,España
10673,MSESF,5,2019-08-19 16:24:00,2019-09-16,2019-09-03,3,199.17,Ciudad 02,Región,Portugal
10674,YQHEC,5,2019-08-02 18:17:00,2019-08-30,2019-08-19,3,170.7,Ciudad 04,Región,Austria
10675,EWQCH,3,2020-05-04 18:54:00,2020-06-01,2020-05-31,1,80.37,Ciudad 26,Región,Canadá
10676,RVAML,4,2021-03-16 14:49:00,2021-04-13,2021-04-05,2,202.85,Ciudad 39,Región,Austria
10677,IAKCY,9,2019-11-20 15:11:00,2019-12-18,2019-11-25,2,249.98,Ciudad 54,Región,Reino Unido
10678,OBWWH,4,2019-07-22 15:01:00,2019-08-19,2019-08-08,3,157.93,Ciudad 08,Región,Italia
10679,LZJBG,4,2019-09-28 08:51:00,2019-10-26,2019-10-22,3,183.21,Ciudad 16,Región,España
10680,AODRM,6,2020-07-28 09:02:00,2020-08-25,,3,209.46,Ciudad 39,,Argentina
10681,KINOC,9,2020-10-08 09:20:00,2020-11-05,2020-10-16,3,236.07,Ciudad 02,Región,Portugal
10682,IAKCY,2,2019-09-20 11:36:00,2019-10-18,2019-09-27,1,101.32,Ciudad 54,,Reino Unido
10683,CFRKI,7,2019-11-16 12:10:00,2019-12-14,2019-12-01,2,158.08,Ciudad 15,,España
10684,OEZOA,5,2020-08-07 18:52:00,2020-09-04,2020-09-01,2,95.41,Ciudad 01,Región,Brasil
10685,CRBOU,7,2020-10-15 10:12:00,2020-11-12,2020-11-18,3,73.91,Ciudad 60,,México
10686,EWQCH,7,2020-03-28 12:55:00,2020-04-25,2020-03-29,3,220.82,Ciudad 26,,Canadá
10687,IAKCY,7,2020-08-08 08:27:00,2020-09-05,2020-08-20,1,173.42,Ciudad 54,,Reino Unido
10688,DDGUG,7,2020-10-23 17:00:00,2020-11-20,2020-11-18,1,91.04,Ciudad 39,Región,México
10689,WDZSH,4,2019-11-08 08:12:00,2019-12-06,2019-11-16,1,191.38,Ciudad 45,Región,Italia
10690,GSKSA,1,2020-02-26 17:02:00,2020-03-25,2020-03-21,3,225.69,Ciudad 31,,Canadá
10691,RVAML,4,2020-10-13 18:23:00,2020-11-10,2020-11-01,1,142.37,Ciudad 39,,Austria
10692,WJQYI,2,2021-03-12 12:20:00,2021-04-09,2021-03-28,2,82.04,Ciudad 14,,Canadá
10693,BXJIB,1,2019-12-17 15:49:00,2020-01-14,2020-01-16,1,215.86,Ciudad 45,Región,Noruega
10694,WOHLE,6,2020-11-11 18:08:00,2020-12-09,2020-11-14,2,1.77,Ciudad 15,,Dinamarca
10695,QPTDN,2,2019-12-06 09:37:00,2020-01-03,2020-01-06,2,7.88,Ciudad 65,Región,Austria
10696,WPYMO,2,2020-12-19 13:12:00,2021-01-16,2021-01-14,3,140.09,Ciudad 02,,Canadá
10697,KUABU,6,2019-07-22 12:16:00,2019-08-19,2019-08-08,3,159.09,Ciudad 22,,Portugal
10698,RUNCK,8,2021-01-20 16:52:00,2021-02-17,2021-02-10,1,109.61,Ciudad 28,,Polonia
10699,FWXFW,9,2020-02-17 13:09:00,2020-03-16,2020-02-26,3,35.13,Ciudad 47,,Reino Unido
10700,KUABU,4,2020-01-06 17:38:00,2020-02-03,2020-01-10,1,56.63,Ciudad 22,Región,Portugal
10701,WPYMO,9,2020-10-26 16:54:00,2020-11-23,2020-11-08,2,32.74,Ciudad 02,,Canadá
10702,RVDMH,2,2020-09-07 13:29:00,2020-10-05,2020-10-02,2,208.22,Ciudad 05,Región,Polonia
10703,ARUPY,3,2020-06-09 18:37:00,2020-07-07,2020-06-29,3,92.91,Ciudad 62,,Portugal
10704,OEZOA,4,2020-03-05 18:03:00,2020-04-02,2020-04-09,3,97.04,Ciudad 01,,Brasil
10705,PHGRR,5,2020-07-26 18:55:00,2020-08-23,2020-07-30,2,49.92,Ciudad 62,,Polonia
10706,PILRH,5,2020-03-20 12:06:00,2020-04-17,2020-03-28,1,149.63,Ciudad 52,,Francia
10707,VGMIO,3,2020-07-18 08:20:00,2020-08-15,2020-08-21,1,109.49,Ciudad 31,,Finlandia
10708,AODRM,2,2021-03-08 17:56:00,2021-04-05,2021-03-27,3,8.78,Ciudad 39,Región,Argentina
10709,FWXFW,8,2021-03-21 08:58:00,2021-04-18,2021-04-05,1,18.67,Ciudad 47,,Reino Unido
10710,MTPNQ,1,2020-09-11 16:17:00,2020-10-09,2020-10-08,3,224.79,Ciudad 12,,Austria
10711,PILRH,7,2020-08-15 18:35:00,2020-09-12,2020-09-02,3,85.9,Ciudad 52,,Francia
10712,ABOZO,8,2020-04-16 08:59:00,2020-05-14,2020-04-24,3,150.0,Ciudad 68,Región,Australia
10713,VGMIO,8,2020-09-27 15:05:00,2020-10-25,2020-10-02,2,203.1,Ciudad 31,,Finlandia
10714,OBWWH,5,2021-01-16 11:25:00,2021-02-13,2021-01-17,3,146.03,Ciudad 08,,Italia
10715,XLPUE,8,2020-12-23 17:11:00,2021-01-20,2021-01-15,3,123.23,Ciudad 61,Región,Finlandia
10716,QYNXK,3,2019-09-23 12:02:00,2019-10-21,2019-10-18,2,107.31,Ciudad 68,Región,Polonia
10717,WEAQJ,9,2020-06-17 17:47:00,2020-07-15,2020-06-30,1,163.85,Ciudad 56,,Italia
10718,KDERT,6,2019-12-12 17:13:00,2020-01-09,2019-12-22,2,120.17,Ciudad 25,Región,Portugal
10719,MYUOP,5,2020-11-24 08:05:00,2020-12-22,2020-12-29,2,246.6,Ciudad 23,Región,Australia
10720,HXEEG,7,2021-01-12 18:50:00,2021-02-09,2021-02-12,2,155.36,Ciudad 42,,Polonia
10721,QYNXK,5,2020-04-12 11:29:00,2020-05-10,2020-05-05,1,25.2,Ciudad 68,,Polonia
10722,WJQYI,7,2019-11-25 10:06:00,2019-12-23,2019-12-03,2,53.46,Ciudad 14,,Canadá
10723,IAKCY,8,2021-02-14 09:52:00,2021-03-14,2021-03-10,1,240.38,Ciudad 54,,Reino Unido
10724,EWQCH,8,2020-07-29 13:13:00,2020-08-26,2020-08-03,2,79.55,Ciudad 26,Región,Canadá
10725,JQCTG,9,2020-06-23 14:55:00,2020-07-21,2020-07-25,2,25.68,Ciudad 34,,México
10726,IFHOG,5,2020-03-09 17:21:00,2020-04-06,2020-03-24,1,112.92,Ciudad 60,,Francia
10727,OKGYN,6,2020-05-19 09:59:00,2020-06-16,2020-06-18,3,84.36,Ciudad 64,,Noruega
10728,EWQCH,2,2020-09-30 17:28:00,2020-10-28,,2,225.8,Ciudad 26,,Canadá
10729,ZHCRB,6,2020-10-30 09:17:00,2020-11-27,2020-11-19,3,193.7,Ciudad 65,,Polonia
10730,FWXFW,5,2020-11-18 09:11:00,2020-12-16,2020-11-20,1,173.85,Ciudad 47,Región,Reino Unido
10731,QDKDT,4,2020-07-12 12:48:00,2020-08-09,2020-08-06,2,228.29,Ciudad 04,Región,Irlanda
10732,OMMPQ,3,2019-10-28 15:33:00,2019-11-25,,1,6.35,Ciudad 16,,Polonia
10733,RUNCK,8,2020-05-18 18:24:00,2020-06-15,2020-06-15,2,133.49,Ciudad 28,,Polonia
10734,IFHOG,7,2020-04-05 11:18:00,2020-05-03,2020-04-28,2,39.97,Ciudad 60,Región,Francia
10735,MTPNQ,9,2020-07-10 09:29:00,2020-08-07,2020-08-13,3,83.02,Ciudad 12,Región,Austria
10736,FWTMU,3,2019-12-18 18:37:00,2020-01-15,2020-01-09,2,128.66,Ciudad 52,,Austria
10737,JOPKE,9,2020-03-23 09:05:00,2020-04-20,2020-04-14,2,228.15,Ciudad 20,Región,Finlandia
10738,PHGRR,7,2021-01-08 08:15:00,2021-02-05,2021-01-12,2,1.87,Ciudad 62,,Polonia
10739,AODRM,2,2020-03-21 14:34:00,2020-04-18,2020-04-08,1,184.96,Ciudad 39,,Argentina
10740,CHJHK,1,2019-12-19 14:10:00,2020-01-16,2019-12-28,3,83.39,Ciudad 57,Región,Suiza
10741,OMMPQ,5,2019-07-11 10:26:00,2019-08-08,2019-08-12,1,244.08,Ciudad 16,,Polonia
10742,VUSXS,6,2020-03-24 11:39:00,2020-04-21,2020-04-10,3,59.02,Ciudad 55,,Alemania
10743,KTMWM,7,2019-07-18 18:36:00,2019-08-15,2019-07-23,2,85.81,Ciudad 35,,EE.UU.
10744,QDKDT,6,2020-03-09 14:47:00,2020-04-06,2020-04-09,3,202.96,Ciudad 04,,Irlanda
10745,TVMDU,6,2020-12-12 18:46:00,2021-01-09,2020-12-15,1,34.19,Ciudad 60,,Austria
10746,UNYYX,4,2021-01-27 13:37:00,2021-02-24,2021-02-03,3,27.47,Ciudad 17,Región,Italia
10747,RUNCK,1,2019-10-06 12:38:00,2019-11-03,2019-10-25,3,66.63,Ciudad 28,Región,Polonia
10748,PILRH,8,2021-04-02 17:11:00,2021-04-30,2021-04-06,2,11.03,Ciudad 52,,Francia
10749,MCCJA,7,2020-11-01 11:17:00,2020-11-29,2020-11-19,2,148.61,Ciudad 17,Región,Reino Unido
10750,HXEEG,2,2020-08-09 10:53:00,2020-09-06,2020-08-11,2,166.74,Ciudad 42,,Polonia
10751,IAKCY,9,2020-11-26 12:43:00,2020-12-24,2020-12-12,1,110.05,Ciudad 54,,Reino Unido
10752,LQSSY,8,2020-04-12 15:05:00,2020-05-10,2020-05-01,3,203.14,Ciudad 09,,Suecia
10753,OMMPQ,3,2020-05-09 14:03:00,2020-06-06,2020-05-30,1,70.52,Ciudad 16,Región,Polonia
10754,KINOC,3,2020-12-04 16:55:00,2021-01-01,2020-12-15,3,15.76,Ciudad 02,,Portugal
10755,UQMTR,6,2020-06-15 13:58:00,2020-07-13,2020-06-25,2,37.41,Ciudad 31,Región,España
10756,IBHPP,8,2019-10-28 08:22:00,2019-11-25,2019-11-07,3,102.87,Ciudad 01,,Canadá
10757,WPYMO,3,2020-07-14 17:28:00,2020-08-11,,1,208.67,Ciudad 02,,Canadá
10758,GFBCR,8,2021-01-21 18:44:00,2021-02-18,2021-01-31,2,138.71,Ciudad 26,,Portugal
10759,YHAAH,1,2021-02-06 18:17:00,2021-03-06,2021-02-18,1,217.78,Ciudad 07,,Brasil
10760,LZJBG,5,2020-03-27 15:08:00,2020-04-24,2020-04-04,1,155.38,Ciudad 16,,España
10761,JUIWI,2,2019-08-31 08:32:00,2019-09-28,2019-09-22,2,213.7,Ciudad 10,,España
10762,EETZO,2,2020-01-14 15:07:00,2020-02-11,2020-02-11,2,4.94,Ciudad 45,,Australia
10763,FWTMU,2,2019-11-17 11:05:00,2019-12-15,2019-12-03,2,82.34,Ciudad 52,,Austria
10764,LZJBG,7,2021-04-13 16:24:00,2021-05-11,2021-04-29,1,3.0,Ciudad 16,,España
10765,RVAML,9,2020-09-16 13:42:00,2020-10-14,2020-09-19,1,144.38,Ciudad 39,Región,Austria
10766,EZSXH,9,2020-12-04 10:21:00,2021-01-01,2020-12-25,3,206.99,Ciudad 21,,EE.UU.
10767,JQCTG,9,2020-08-21 09:27:00,2020-09-18,2020-09-22,2,195.58,Ciudad 34,,México
10768,MSESF,8,2019-11-05 16:53:00,2019-12-03,2019-12-09,3,43.32,Ciudad 02,,Portugal
10769,HXEEG,1,2020-10-18 11:21:00,2020-11-15,2020-11-18,3,240.93,Ciudad 42,,Polonia
10770,MYUOP,2,2020-01-05 14:20:00,2020-02-02,2020-01-27,1,36.13,Ciudad 23,Región,Australia
10771,VGMIO,1,2020-03-05 10:55:00,2020-04-02,2020-03-08,1,214.49,Ciudad 31,,Finlandia
10772,DDGUG,7,2021-04-05 12:18:00,2021-05-03,2021-04-10,2,189.59,Ciudad 39,,México
10773,KDERT,2,2019-10-23 09:03:00,2019-11-20,2019-11-09,2,114.81,Ciudad 25,,Portugal
10774,JUIWI,4,2021-01-15 17:00:00,2021-02-12,2021-02-16,1,10.91,Ciudad 10,Región,España
10775,ORYAY,4,2020-11-12 17:06:00,2020-12-10,2020-12-07,3,179.21,Ciudad 43,,Francia
10776,VGMIO,5,2020-05-08 11:51:00,2020-06-05,2020-05-25,3,248.94,Ciudad 31,,Finlandia
10777,CRBOU,8,2020-01-26 17:22:00,2020-02-23,2020-02-29,1,220.31,Ciudad 60,,México
10778,MYUOP,9,2020-07-21 15:06:00,2020-08-18,2020-07-26,2,219.19,Ciudad 23,,Australia
10779,BXJIB,1,2021-02-06 13:03:00,2021-03-06,2021-02-14,1,165.16,Ciudad 45,Región,Noruega
10780,CHJHK,4,2020-04-11 13:10:00,2020-05-09,2020-04-12,1,176.26,Ciudad 57,,Suiza
10781,MCCJA,6,2019-07-04 15:46:00,2019-08-01,2019-07-26,2,211.86,Ciudad 17,,Reino Unido
10782,LKXAI,8,2020-12-31 10:32:00,2021-01-28,2021-01-23,2,241.29,Ciudad 06,,Suiza
10783,PHGRR,3,2020-03-13 16:44:00,2020-04-10,2020-03-25,2,33.8,Ciudad 62,Región,Polonia
10784,JOPKE,4,2020-06-18 09:11:00,2020-07-16,2020-07-20,1,56.89,Ciudad 20,Región,Finlandia
10785,UQMTR,8,2019-08-04 09:23:00,2019-09-01,2019-09-06,1,237.2,Ciudad 31,Región,España
10786,JOPKE,8,2020-05-01 15:22:00,2020-05-29,2020-05-14,1,41.68,Ciudad 20,Región,Finlandia
10787,QVRLL,1,2020-03-23 15:15:00,2020-04-20,2020-04-09,1,30.27,Ciudad 32,,Italia
10788,EZSXH,7,2021-02-08 16:36:00,2021-03-08,2021-03-14,2,55.88,Ciudad 21,,EE.UU.
10789,OKGYN,2,2021-04-16 09:13:00,2021-05-14,2021-05-21,2,39.01,Ciudad 64,,Noruega
10790,WUSQA,6,2019-08-16 09:17:00,2019-09-13,2019-09-02,3,188.57,Ciudad 62,,Canadá
10791,ARPIO,3,2021-01-10 15:39:00,2021-02-07,2021-01-23,1,2.68,Ciudad 22,Región,Dinamarca
10792,JSSTI,6,2019-11-29 15:09:00,2019-12-27,2019-12-11,3,138.82,Ciudad 38,,Portugal
10793,AODRM,4,2020-07-06 09:07:00,2020-08-03,2020-07-31,3,229.68,Ciudad 39,,Argentina
10794,PMOOX,2,2021-01-03 15:44:00,2021-01-31,2021-01-27,2,38.25,Ciudad 03,Región,Francia
10795,YQHEC,4,2019-08-06 17:14:00,2019-09-03,2019-08-18,2,144.44,Ciudad 04,Región,Austria
10796,FWXFW,1,2019-11-25 15:36:00,2019-12-23,2019-12-29,1,174.97,Ciudad 47,Región,Reino Unido
10797,CDLRH,6,2020-03-02 16:26:00,2020-03-30,2020-04-04,2,84.29,Ciudad 02,,Canadá
10798,KINOC,7,2020-01-15 14:29:00,2020-02-12,2020-02-01,2,228.91,Ciudad 02,Región,Portugal
10799,CDLRH,1,2020-04-22 13:52:00,2020-05-20,2020-05-12,2,73.23,Ciudad 02,,Canadá
10800,IAKCY,7,2021-02-08 17:06:00,2021-03-08,2021-03-03,2,226.06,Ciudad 54,Región,Reino Unido
10801,UQMTR,4,2020-10-31 11:19:00,2020-11-28,2020-11-15,2,220.46,Ciudad 31,Región,España
10802,JUIWI,1,2021-01-02 15:59:00,2021-01-30,2021-01-17,1,54.22,Ciudad 10,Región,España
10803,ARUPY,3,2020-08-25 16:12:00,2020-09-22,2020-09-01,3,243.09,Ciudad 62,Región,Portugal
10804,AMKXP,6,2020-04-30 08:09:00,2020-05-28,2020-05-30,1,241.65,Ciudad 11,,Australia
10805,GMUGJ,7,2020-04-01 13:08:00,2020-04-29,2020-04-27,3,98.54,Ciudad 28,Región,España
10806,UQMTR,1,2020-01-17 11:40:00,2020-02-14,2020-02-09,3,103.36,Ciudad 31,Región,España
10807,LKXAI,7,2020-08-12 08:05:00,2020-09-09,2020-09-12,1,128.39,Ciudad 06,,Suiza
10808,DLQMD,1,2021-04-14 11:34:00,2021-05-12,2021-05-12,1,27.34,Ciudad 40,,Finlandia
10809,CHJHK,1,2021-02-26 16:08:00,2021-03-26,2021-03-06,2,31.1,Ciudad 57,,Suiza
10810,JSSTI,3,2019-08-01 17:07:00,2019-08-29,2019-08-22,1,19.96,Ciudad 38,,Portugal
10811,CAJJZ,4,2019-07-05 12:16:00,2019-08-02,2019-07-24,3,196.55,Ciudad 02,Región,Portugal
10812,VUSXS,3,2020-02-10 11:22:00,2020-03-09,2020-02-20,1,180.21,Ciudad 55,,Alemania
10813,AODRM,2,2021-02-22 15:15:00,2021-03-22,2021-02-28,1,67.02,Ciudad 39,,Argentina
10814,JOPKE,9,2020-02-08 16:34:00,2020-03-07,2020-02-21,1,72.18,Ciudad 20,,Finlandia
10815,ZFYWY,8,2019-12-22 13:22:00,2020-01-19,2020-01-01,3,208.46,Ciudad 04,,Canadá
10816,ARPIO,2,2021-03-14 12:34:00,2021-04-11,2021-03-20,2,212.61,Ciudad 22,Región,Dinamarca
10817,WEAQJ,1,2020-08-24 08:56:00,2020-09-21,2020-09-27,3,90.65,Ciudad 56,,Italia
10818,VXISR,8,2020-05-09 15:09:00,2020-06-06,2020-05-27,1,14.85,Ciudad 21,Región,Brasil
10819,RUNCK,2,2020-05-22 15:07:00,2020-06-19,2020-05-30,1,178.4,Ciudad 28,,Polonia
10820,BXJIB,2,2020-01-19 15:07:00,2020-02-16,2020-02-10,3,68.98,Ciudad 45,Región,Noruega
10821,CHJHK,9,2020-01-14 17:26:00,2020-02-11,2020-01-18,1,23.16,Ciudad 57,,Suiza
10822,OKGYN,9,2020-08-02 18:52:00,2020-08-30,2020-08-14,3,139.15,Ciudad 64,,Noruega
10823,AODRM,8,2019-11-12 14:57:00,2019-12-10,2019-12-09,1,17.56,Ciudad 39,,Argentina
10824,IEHDF,1,2020-07-09 11:48:00,2020-08-06,2020-07-20,1,118.06,Ciudad 66,,España
10825,VGMIO,4,2020-06-22 13:20:00,2020-07-20,2020-06-24,1,120.88,Ciudad 31,,Finlandia
10826,CRBOU,4,2021-04-16 18:49:00,2021-05-14,2021-04-20,3,80.41,Ciudad 60,,México
10827,LZJBG,7,2020-05-03 09:49:00,2020-05-31,2020-05-18,2,22.14,Ciudad 16,,España
10828,MCCJA,8,2019-09-29 16:38:00,2019-10-27,2019-10-02,2,36.51,Ciudad 17,,Reino Unido
10829,WDZSH,2,2020-02-16 13:56:00,2020-03-15,2020-03-22,1,64.61,Ciudad 45,,Italia
10830,JFEIL,7,2020-09-17 15:10:00,2020-10-15,2020-09-24,2,113.22,Ciudad 69,Región,México
10831,KUABU,1,2020-06-18 16:32:00,2020-07-16,2020-07-02,3,50.8,Ciudad 22,,Portugal
10832,JFEIL,9,2020-01-20 12:35:00,2020-02-17,2020-02-22,2,10.13,Ciudad 69,Región,México
10833,KUABU,9,2021-01-17 08:06:00,2021-02-14,2021-02-09,3,158.22,Ciudad 22,,Portugal
10834,EZSXH,1,2020-01-26 09:36:00,2020-02-23,2020-02-04,3,53.0,Ciudad 21,,EE.UU.
10835,JOPKE,1,2020-05-16 09:34:00,2020-06-13,2020-06-16,3,66.91,Ciudad 20,,Finlandia
10836,PILRH,8,2021-02-01 11:40:00,2021-03-01,2021-03-02,1,76.28,Ciudad 52,,Francia
10837,HXEEG,5,2020-02-03 09:19:00,2020-03-02,2020-03-01,2,124.96,Ciudad 42,,Polonia
10838,PHGRR,5,2020-06-16 17:25:00,2020-07-14,2020-07-16,3,42.19,Ciudad 62,,Polonia
10839,DLQMD,4,2019-12-18 16:42:00,2020-01-15,2020-01-17,1,6.63,Ciudad 40,Región,Finlandia
10840,CDLRH,8,2020-12-10 12:44:00,2021-01-07,2020-12-13,2,171.17,Ciudad 02,Región,Canadá
10841,JSSTI,1,2021-01-06 14:01:00,2021-02-03,2021-02-04,2,164.59,Ciudad 38,Región,Portugal
10842,MSESF,6,2020-05-29 08:47:00,2020-06-26,2020-07-03,1,180.71,Ciudad 02,,Portugal
10843,OMMPQ,8,2020-10-26 17:10:00,2020-11-23,2020-11-13,1,148.69,Ciudad 16,,Polonia
10844,VXISR,4,2020-08-07 18:46:00,2020-09-04,2020-08-13,1,111.29,Ciudad 21,Región,Brasil
10845,PHGRR,1,2020-10-13 16:00:00,2020-11-10,2020-11-02,3,207.27,Ciudad 62,,Polonia
10846,EETZO,2,2021-04-24 08:57:00,2021-05-22,2021-04-29,3,124.73,Ciudad 45,,Australia
10847,QDKDT,6,2020-11-05 14:44:00,2020-12-03,2020-12-05,2,48.69,Ciudad 04,,Irlanda
10848,JUIWI,6,2019-11-20 12:16:00,2019-12-18,2019-12-20,3,98.29,Ciudad 10,,España
10849,WNCLH,7,2019-07-23 11:44:00,2019-08-20,,2,66.41,Ciudad 54,,Dinamarca
10850,IEHDF,2,2020-07-02 09:36:00,2020-07-30,2020-08-05,3,28.78,Ciudad 66,Región,España
10851,GMUGJ,1,2020-02-22 08:57:00,2020-03-21,2020-03-25,3,202.17,Ciudad 28,,España
10852,MTPNQ,3,2020-11-21 16:03:00,2020-12-19,2020-12-14,2,61.45,Ciudad 12,,Austria
10853,QPTDN,9,2021-02-10 08:53:00,2021-03-10,2021-03-08,3,74.19,Ciudad 65,,Austria
10854,WDZSH,9,2020-12-29 14:08:00,2021-01-26,2021-01-27,1,114.76,Ciudad 45,,Italia
10855,IEHDF,3,2020-02-25 15:52:00,2020-03-24,2020-03-08,1,42.23,Ciudad 66,Región,España
10856,MYUOP,4,2020-12-16 11:08:00,2021-01-13,2020-12-18,2,196.53,Ciudad 23,,Australia
10857,WNCLH,1,2020-10-06 13:28:00,2020-11-03,2020-10-20,1,100.1,Ciudad 54,,Dinamarca
10858,AMKXP,3,2021-02-07 10:36:00,2021-03-07,2021-03-07,2,120.66,Ciudad 11,Región,Australia
10859,EHVXH,8,2020-07-15 13:01:00,2020-08-12,2020-08-14,3,74.24,Ciudad 34,,Noruega
10860,PHGRR,7,2020-10-04 08:19:00,2020-11-01,2020-10-25,3,228.98,Ciudad 62,Región,Polonia
10861,QDKDT,3,2019-12-04 08:07:00,2020-01-01,2019-12-26,2,196.85,Ciudad 04,Región,Irlanda
10862,MHCEX,9,2019-11-24 13:29:00,2019-12-22,2019-12-23,2,199.0,Ciudad 69,,Suecia
10863,TVMDU,7,2021-03-29 16:53:00,2021-04-26,2021-04-30,3,121.65,Ciudad 60,Región,Austria
10864,PMOOX,7,2020-01-01 10:59:00,2020-01-29,2020-01-26,1,58.09,Ciudad 03,,Francia
10865,KSKIC,7,2021-05-03 12:40:00,2021-05-31,2021-05-19,1,34.03,Ciudad 09,Región,Suiza
10866,GSKSA,7,2019-07-16 12:48:00,2019-08-13,2019-08-04,2,10.77,Ciudad 31,,Canadá
10867,GCSLF,1,2020-01-11 08:13:00,2020-02-08,2020-01-20,3,33.31,Ciudad 50,Región,España
10868,PILRH,2,2019-08-19 10:14:00,2019-09-16,2019-09-07,2,165.59,Ciudad 52,,Francia
10869,MCJQJ,5,2021-02-28 18:04:00,2021-03-28,2021-03-05,2,120.09,Ciudad 36,,EE.UU.
10870,CFRKI,5,2020-09-28 10:12:00,2020-10-26,2020-10-06,3,119.63,Ciudad 15,,España
10871,TMXBF,4,2020-02-01 11:15:00,2020-02-29,2020-02-27,3,232.51,Ciudad 69,,Noruega
10872,OKGYN,9,2020-10-10 14:58:00,2020-11-07,2020-11-08,2,237.95,Ciudad 64,,Noruega
10873,ABOZO,3,2019-09-30 17:06:00,2019-10-28,2019-11-04,2,103.77,Ciudad 68,,Australia
10874,ZHCRB,9,2020-08-26 14:05:00,2020-09-23,2020-08-31,2,141.75,Ciudad 65,,Polonia
10875,VXISR,8,2020-08-02 14:54:00,2020-08-30,2020-08-21,3,202.15,Ciudad 21,,Brasil
10876,VUSXS,5,2019-12-21 11:25:00,2020-01-18,2020-01-22,1,15.05,Ciudad 55,,Alemania
10877,CDLRH,9,2020-01-07 16:29:00,2020-02-04,2020-01-27,1,126.04,Ciudad 02,,Canadá
10878,ZHCRB,1,2020-02-07 17:11:00,2020-03-06,2020-02-09,1,9.68,Ciudad 65,,Polonia
10879,FWTMU,1,2019-07-21 18:52:00,2019-08-18,2019-07-31,2,168.97,Ciudad 52,,Austria
10880,KDERT,9,2019-11-05 08:40:00,2019-12-03,2019-12-01,3,100.09,Ciudad 25,,Portugal
10881,UNYYX,2,2020-10-29 08:30:00,2020-11-26,2020-11-20,2,164.06,Ciudad 17,,Italia
10882,RVDMH,1,2020-05-30 10:15:00,2020-06-27,2020-06-18,2,186.03,Ciudad 05,Región,Polonia
10883,GCSLF,8,2021-03-11 16:07:00,2021-04-08,2021-03-25,2,162.02,Ciudad 50,,España
10884,KSKIC,6,2020-03-05 15:50:00,2020-04-02,2020-03-31,2,75.49,Ciudad 09,,Suiza
10885,RVDMH,9,2020-12-23 13:31:00,2021-01-20,2021-01-27,2,138.61,Ciudad 05,,Polonia
10886,ZHCRB,5,2019-10-16 08:22:00,2019-11-13,2019-11-01,1,52.55,Ciudad 65,,Polonia
10887,QVRLL,4,2020-03-09 12:33:00,2020-04-06,2020-04-09,1,201.65,Ciudad 32,,Italia
10888,BXJIB,7,2021-03-11 14:28:00,2021-04-08,2021-04-04,3,188.03,Ciudad 45,,Noruega
10889,WNCLH,9,2021-01-06 09:46:00,2021-02-03,2021-01-28,3,156.03,Ciudad 54,Región,Dinamarca
10890,AMKXP,2,2021-02-08 18:35:00,2021-03-08,2021-02-12,3,115.57,Ciudad 11,,Australia
10891,FWTMU,9,2020-08-05 15:04:00,2020-09-02,2020-09-09,2,133.84,Ciudad 52,,Austria
10892,JSSTI,7,2020-04-07 11:23:00,2020-05-05,2020-04-28,3,53.95,Ciudad 38,Región,Portugal
10893,WOHLE,4,2021-02-06 10:58:00,2021-03-06,2021-03-12,3,129.72,Ciudad 15,,Dinamarca
10894,CHJHK,7,2019-11-22 16:48:00,2019-12-20,2019-11-27,2,23.34,Ciudad 57,Región,Suiza
10895,ARPIO,9,2020-07-28 12:31:00,2020-08-25,2020-08-15,2,30.41,Ciudad 22,,Dinamarca
10896,LKXAI,7,2021-04-06 18:30:00,2021-05-04,2021-04-07,1,99.9,Ciudad 06,,Suiza
10897,PMOOX,2,2020-10-24 18:41:00,2020-11-21,2020-11-02,1,73.79,Ciudad 03,,Francia
10898,VXISR,7,2020-09-10 10:49:00,2020-10-08,2020-09-15,1,85.86,Ciudad 21,Región,Brasil
10899,KSKIC,4,2020-12-05 12:12:00,2021-01-02,2020-12-19,3,222.04,Ciudad 09,Región,Suiza
10900,GCSLF,7,2021-02-12 09:31:00,2021-03-12,2021-03-19,3,23.6,Ciudad 50,Región,España
10901,QYNXK,4,2020-03-08 13:52:00,2020-04-05,2020-04-07,1,132.9,Ciudad 68,,Polonia
10902,ZFYWY,2,2020-04-09 18:17:00,2020-05-07,2020-04-30,2,131.54,Ciudad 04,,Canadá
10903,FWTMU,9,2021-02-23 10:06:00,2021-03-23,2021-03-16,2,154.09,Ciudad 52,,Austria
10904,LQAJJ,5,2020-02-18 13:33:00,2020-03-17,2020-02-19,1,248.31,Ciudad 58,Región,Suecia
10905,LQSSY,1,2020-09-21 14:35:00,2020-10-19,2020-10-24,2,21.34,Ciudad 09,Región,Suecia
10906,YHAAH,5,2021-01-23 11:51:00,2021-02-20,2021-02-27,1,242.99,Ciudad 07,,Brasil
10907,IAKCY,7,2020-07-01 08:12:00,2020-07-29,2020-07-23,2,118.4,Ciudad 54,,Reino Unido
10908,QYNXK,6,2019-09-09 16:08:00,2019-10-07,2019-09-17,1,62.93,Ciudad 68,,Polonia
10909,JUIWI,4,2020-06-12 17:16:00,2020-07-10,2020-06-15,2,95.71,Ciudad 10,,España
10910,EWQCH,8,2020-07-01 13:08:00,2020-07-29,2020-08-04,2,226.33,Ciudad 26,,Canadá
10911,EHVXH,3,2020-02-11 10:30:00,2020-03-10,2020-02-23,3,61.24,Ciudad 34,,Noruega
10912,IBHPP,7,2020-06-12 08:00:00,2020-07-10,2020-07-11,2,24.85,Ciudad 01,Región,Canadá
10913,TVMDU,9,2020-03-07 12:05:00,2020-04-04,2020-04-04,2,144.7,Ciudad 60,,Austria
10914,QYNXK,2,2020-02-29 08:56:00,2020-03-28,2020-03-12,3,197.38,Ciudad 68,Región,Polonia
10915,EYYSN,1,2020-01-02 12:59:00,2020-01-30,2020-01-23,1,233.22,Ciudad 34,,Noruega
10916,KDERT,3,2020-03-04 10:07:00,2020-04-01,2020-03-06,1,157.64,Ciudad 25,Región,Portugal
10917,PMOOX,5,2020-06-24 14:11:00,2020-07-22,2020-07-16,3,186.14,Ciudad 03,,Francia
10918,CRBOU,7,2020-05-27 13:32:00,2020-06-24,2020-06-20,2,14.79,Ciudad 60,Región,México
10919,WPYMO,4,2021-02-13 11:46:00,2021-03-13,2021-02-16,1,219.83,Ciudad 02,,Canadá
10920,MCJQJ,6,2020-06-27 17:36:00,2020-07-25,2020-07-27,3,30.79,Ciudad 36,Región,EE.UU.
10921,EWQCH,5,2020-02-02 10:07:00,2020-03-01,2020-02-13,1,205.06,Ciudad 26,Región,Canadá
10922,IAKCY,5,2020-05-17 15:58:00,2020-06-14,2020-06-21,1,193.82,Ciudad 54,,Reino Unido
10923,JFEIL,6,2020-02-25 13:44:00,2020-03-24,2020-03-14,2,168.25,Ciudad 69,Región,México
10924,DLQMD,8,2020-05-22 17:02:00,2020-06-19,2020-05-26,1,217.75,Ciudad 40,Región,Finlandia
10925,VUSXS,8,2020-01-26 09:07:00,2020-02-23,2020-01-29,3,31.67,Ciudad 55,,Alemania
10926,OEZOA,7,2019-09-18 14:24:00,2019-10-16,2019-09-27,1,35.92,Ciudad 01,,Brasil
10927,TVMDU,3,2021-04-11 11:32:00,2021-05-09,2021-04-13,1,232.18,Ciudad 60,,Austria
10928,QDKDT,8,2019-08-09 12:42:00,2019-09-06,2019-08-29,3,154.51,Ciudad 04,Región,Irlanda
10929,YGUPQ,9,2020-05-23 15:14:00,2020-06-20,2020-06-17,3,14.14,Ciudad 38,Región,Italia
10930,CDLRH,2,2020-03-21 09:40:00,2020-04-18,2020-04-12,2,221.95,Ciudad 02,,Canadá
10931,VGMIO,9,2021-03-05 09:22:00,2021-04-02,2021-04-06,1,174.09,Ciudad 31,,Finlandia
10932,AODRM,1,2020-02-05 18:41:00,2020-03-04,2020-02-14,3,108.44,Ciudad 39,Región,Argentina
10933,ARUPY,7,2020-03-06 15:17:00,2020-04-03,2020-03-10,3,214.59,Ciudad 62,Región,Portugal
10934,QYNXK,7,2019-12-07 11:39:00,2020-01-04,2019-12-22,1,160.67,Ciudad 68,,Polonia
10935,ABOZO,2,2020-08-22 13:29:00,2020-09-19,2020-09-18,2,236.68,Ciudad 68,,Australia
10936,BXJIB,8,2020-05-17 10:33:00,2020-06-14,2020-06-04,2,193.58,Ciudad 45,Región,Noruega
10937,CRBOU,4,2019-08-26 11:18:00,2019-09-23,2019-08-31,1,171.53,Ciudad 60,,México
10938,GSKSA,8,2019-09-27 15:32:00,2019-10-25,2019-11-01,3,55.57,Ciudad 31,Región,Canadá
10939,QVRLL,4,2019-07-05 16:43:00,2019-08-02,2019-07-12,3,147.4,Ciudad 32,,Italia
10940,WEAQJ,2,2020-01-28 13:45:00,2020-02-25,2020-02-22,1,155.67,Ciudad 56,Región,Italia
10941,UNYYX,1,2020-04-16 09:51:00,2020-05-14,2020-05-16,2,96.31,Ciudad 17,,Italia
10942,IEHDF,4,2020-07-16 12:28:00,2020-08-13,2020-07-18,1,156.79,Ciudad 66,Región,España
10943,MYUOP,8,2020-02-09 10:52:00,2020-03-08,2020-02-21,3,159.98,Ciudad 23,Región,Australia
10944,JUIWI,7,2021-02-28 17:28:00,2021-03-28,2021-03-09,1,35.92,Ciudad 10,,España
10945,VUSXS,3,2021-05-01 14:15:00,2021-05-29,2021-05-18,1,225.51,Ciudad 55,,Alemania
10946,TMXBF,6,2019-11-25 17:36:00,2019-12-23,2019-11-29,1,174.88,Ciudad 69,,Noruega
10947,MHCEX,3,2020-06-03 16:44:00,2020-07-01,2020-06-30,1,174.52,Ciudad 69,,Suecia
10948,QYNXK,3,2020-01-05 16:08:00,2020-02-02,2020-02-02,1,8.68,Ciudad 68,,Polonia
10949,WNTIS,7,2020-02-15 08:49:00,2020-03-14,2020-03-08,2,215.27,Ciudad 36,Región,EE.UU.
10950,EYYSN,7,2019-10-10 10:06:00,2019-11-07,2019-11-08,3,91.92,Ciudad 34,,Noruega
10951,XZGTP,7,2019-10-30 16:35:00,2019-11-27,2019-11-21,1,66.97,Ciudad 05,Región,Francia
10952,WNCLH,4,2021-01-20 18:52:00,2021-02-17,2021-02-14,3,102.75,Ciudad 54,,Dinamarca
10953,IAKCY,2,2020-08-03 15:38:00,2020-08-31,2020-08-10,2,20.45,Ciudad 54,,Reino Unido
10954,PHGRR,5,2020-07-01 15:32:00,2020-07-29,2020-07-14,2,106.43,Ciudad 62,,Polonia
10955,EZSXH,4,2021-02-08 15:02:00,2021-03-08,2021-03-12,3,177.24,Ciudad 21,,EE.UU.
10956,ARPIO,2,2020-07-03 17:00:00,2020-07-31,2020-07-08,2,102.34,Ciudad 22,Región,Dinamarca
10957,WJQYI,2,2020-07-04 15:25:00,2020-08-01,2020-07-22,2,24.68,Ciudad 14,Región,Canadá
10958,YQHEC,1,2021-03-29 14:30:00,2021-04-26,2021-04-02,3,122.12,Ciudad 04,,Austria
10959,PPNKD,8,2020-12-17 11:12:00,2021-01-14,2021-01-21,1,154.55,Ciudad 25,Región,Bélgica
10960,ARUPY,2,2021-03-23 16:45:00,2021-04-20,2021-04-14,1,196.41,Ciudad 62,,Portugal
10961,AMKXP,1,2020-05-02 14:49:00,2020-05-30,2020-06-06,2,206.63,Ciudad 11,,Australia
10962,OMMPQ,1,2021-04-09 12:16:00,2021-05-07,2021-05-10,2,83.87,Ciudad 16,,Polonia
10963,WPYMO,2,2019-09-22 08:58:00,2019-10-20,2019-10-27,3,169.72,Ciudad 02,,Canadá
10964,JOPKE,2,2019-09-22 11:42:00,2019-10-20,2019-09-26,1,181.2,Ciudad 20,Región,Finlandia
10965,MCCJA,5,2021-03-19 17:10:00,2021-04-16,,2,202.53,Ciudad 17,,Reino Unido
10966,TVMDU,6,2020-02-19 15:32:00,2020-03-18,2020-02-27,2,173.59,Ciudad 60,,Austria
10967,EWHZJ,4,2021-01-19 18:36:00,2021-02-16,2021-02-04,3,76.69,Ciudad 36,Región,Dinamarca
10968,EYYSN,4,2020-10-03 11:46:00,2020-10-31,2020-11-05,3,85.13,Ciudad 34,,Noruega
10969,KTMWM,7,2020-04-29 08:24:00,2020-05-27,2020-05-07,3,47.02,Ciudad 35,,EE.UU.
10970,WUSQA,9,2021-02-03 17:53:00,2021-03-03,2021-02-13,3,138.67,Ciudad 62,,Canadá
10971,IAKCY,3,2020-09-13 10:50:00,2020-10-11,2020-09-20,2,215.02,Ciudad 54,,Reino Unido
10972,WEAQJ,9,2020-01-24 13:56:00,2020-02-21,2020-01-30,2,226.27,Ciudad 56,,Italia
10973,EZSXH,8,2019-12-16 12:40:00,2020-01-13,2020-01-07,2,214.19,Ciudad 21,,EE.UU.
10974,EHVXH,2,2020-08-19 10:31:00,2020-09-16,2020-09-23,3,111.09,Ciudad 34,Región,Noruega
10975,CAJJZ,9,2021-01-20 11:52:00,2021-02-17,2021-02-10,2,43.31,Ciudad 02,Región,Portugal
10976,EWHZJ,1,2021-01-06 15:48:00,2021-02-03,2021-02-04,1,47.35,Ciudad 36,,Dinamarca
10977,UNYYX,2,2020-12-07 11:55:00,2021-01-04,2020-12-09,1,47.99,Ciudad 17,Región,Italia
10978,EZSXH,8,2020-02-12 10:32:00,2020-03-11,2020-02-16,1,148.74,Ciudad 21,Región,EE.UU.
10979,WUSQA,4,2020-11-04 10:25:00,2020-12-02,2020-11-24,3,110.6,Ciudad 62,Región,Canadá
10980,IFHOG,9,2020-05-12 17:22:00,2020-06-09,2020-05-25,3,156.59,Ciudad 60,Región,Francia
10981,KUABU,2,2021-04-20 10:35:00,2021-05-18,2021-04-27,3,88.14,Ciudad 22,Región,Portugal
10982,KSKIC,6,2021-01-07 16:12:00,2021-02-04,2021-02-05,3,182.16,Ciudad 09,,Suiza
10983,CAJJZ,5,2021-01-17 15:39:00,2021-02-14,2021-02-10,2,141.36,Ciudad 02,,Portugal
10984,XZGTP,2,2020-08-28 15:27:00,2020-09-25,2020-09-16,3,57.56,Ciudad 05,Región,Francia
10985,KDERT,8,2020-03-07 09:45:00,2020-04-04,2020-03-09,1,240.74,Ciudad 25,,Portugal
10986,QYNXK,7,2019-09-17 08:46:00,2019-10-15,2019-10-11,1,20.8,Ciudad 68,Región,Polonia
10987,CAJJZ,2,2019-07-10 12:32:00,2019-08-07,2019-08-05,2,236.99,Ciudad 02,Región,Portugal
10988,GMUGJ,7,2019-10-17 18:01:00,2019-11-14,2019-10-23,1,69.29,Ciudad 28,,España
10989,QPTDN,6,2020-06-13 17:09:00,2020-07-11,2020-06-15,2,35.1,Ciudad 65,Región,Austria
10990,ABOZO,4,2021-03-28 18:54:00,2021-04-25,2021-04-10,1,11.71,Ciudad 68,Región,Australia
10991,MCJQJ,5,2020-05-06 08:31:00,2020-06-03,2020-05-09,2,214.17,Ciudad 36,,EE.UU.
10992,LKXAI,5,2021-04-16 17:22:00,2021-05-14,2021-04-24,3,208.19,Ciudad 06,,Suiza
10993,FWXFW,1,2019-09-12 17:46:00,2019-10-10,2019-10-06,2,53.35,Ciudad 47,,Reino Unido
10994,KDERT,7,2019-07-20 11:50:00,2019-08-17,2019-08-18,2,30.22,Ciudad 25,,Portugal
10995,YHAAH,8,2021-01-12 15:37:00,2021-02-09,2021-02-02,1,48.65,Ciudad 07,,Brasil
10996,FWTMU,9,2020-07-14 14:28:00,2020-08-11,2020-08-13,2,19.4,Ciudad 52,Región,Austria
10997,QYNXK,4,2019-10-20 11:03:00,2019-11-17,2019-11-09,3,157.36,Ciudad 68,,Polonia
10998,WPYMO,3,2020-03-02 09:20:00,2020-03-30,2020-03-19,3,124.68,Ciudad 02,Región,Canadá
10999,WUSQA,5,2020-07-03 18:12:00,2020-07-31,2020-07-05,3,154.26,Ciudad 62,,Canadá
11000,EWQCH,1,2020-03-31 16:53:00,2020-04-28,2020-04-23,2,30.25,Ciudad 26,Región,Canadá
11001,LQAJJ,4,2019-07-25 18:36:00,2019-08-22,2019-08-03,1,32.65,Ciudad 58,,Suecia
11002,TMXBF,1,2021-02-03 12:34:00,2021-03-03,2021-02-22,3,90.93,Ciudad 69,,Noruega
11003,JSSTI,7,2020-04-13 18:26:00,2020-05-11,2020-04-17,3,54.66,Ciudad 38,,Portugal
11004,WNTIS,4,2020-06-21 17:51:00,2020-07-19,2020-07-17,1,33.29,Ciudad 36,,EE.UU.
11005,RUNCK,7,2019-10-09 11:14:00,2019-11-06,2019-10-11,1,21.92,Ciudad 28,,Polonia
11006,UQMTR,1,2021-02-27 12:51:00,2021-03-27,2021-03-14,3,2.08,Ciudad 31,,España
11007,WUSQA,9,2019-09-12 15:32:00,2019-10-10,2019-09-18,1,225.92,Ciudad 62,,Canadá
11008,JUIWI,5,2019-11-08 14:02:00,2019-12-06,2019-11-09,3,88.5,Ciudad 10,,España
11009,ARUPY,4,2020-05-12 08:36:00,2020-06-09,2020-05-18,1,125.8,Ciudad 62,Región,Portugal
11010,YQHEC,7,2020-11-23 17:44:00,2020-12-21,2020-12-12,1,223.16,Ciudad 04,,Austria
11011,LQAJJ,7,2019-07-10 08:38:00,2019-08-07,2019-08-09,3,221.36,Ciudad 58,Región,Suecia
11012,IAKCY,3,2021-01-30 08:14:00,2021-02-27,2021-02-12,3,57.43,Ciudad 54,Región,Reino Unido
11013,UNPFI,4,2020-10-23 14:03:00,2020-11-20,2020-10-25,3,119.19,Ciudad 35,Región,Argentina
11014,QYNXK,4,2020-09-29 16:44:00,2020-10-27,2020-10-06,1,70.73,Ciudad 68,Región,Polonia
11015,EETZO,5,2019-11-05 14:24:00,2019-12-03,2019-11-12,2,240.71,Ciudad 45,,Australia
11016,UNYYX,2,2020-09-13 15:38:00,2020-10-11,2020-10-11,1,75.57,Ciudad 17,,Italia
11017,KSKIC,4,2020-01-12 18:43:00,2020-02-09,2020-01-18,3,2.01,Ciudad 09,,Suiza
11018,XLPUE,5,2020-03-12 12:55:00,2020-04-09,2020-03-25,3,71.17,Ciudad 61,,Finlandia
11019,YQHEC,9,2020-02-21 16:06:00,2020-03-20,2020-03-18,1,43.0,Ciudad 04,Región,Austria
11020,WOHLE,6,2020-07-03 14:04:00,2020-07-31,2020-07-05,3,161.98,Ciudad 15,Región,Dinamarca
11021,OMMPQ,8,2020-04-24 11:41:00,2020-05-22,2020-05-01,3,82.55,Ciudad 16,Región,Polonia
11022,HXEEG,1,2019-07-06 15:21:00,2019-08-03,2019-07-14,3,115.31,Ciudad 42,,Polonia
11023,YHAAH,9,2021-03-11 16:53:00,2021-04-08,2021-03-21,3,90.97,Ciudad 07,Región,Brasil
11024,MHCEX,1,2020-08-09 16:58:00,2020-09-06,2020-08-28,2,49.76,Ciudad 69,Región,Suecia
11025,ZHCRB,5,2020-09-04 18:25:00,2020-10-02,2020-10-06,3,233.34,Ciudad 65,Región,Polonia
11026,EZSXH,5,2019-10-15 12:23:00,2019-11-12,2019-10-20,3,70.64,Ciudad 21,Región,EE.UU.
11027,EWHZJ,7,2020-07-12 15:06:00,2020-08-09,2020-08-15,1,221.33,Ciudad 36,Región,Dinamarca
11028,OKGYN,7,2020-04-06 12:08:00,2020-05-04,2020-04-22,3,222.33,Ciudad 64,Región,Noruega
11029,KUABU,1,2020-03-27 10:00:00,2020-04-24,2020-04-20,2,61.88,Ciudad 22,,Portugal
11030,LKXAI,4,2019-11-21 14:17:00,2019-12-19,2019-12-13,2,227.43,Ciudad 06,,Suiza
11031,XZGTP,5,2021-03-21 12:15:00,2021-04-18,2021-04-21,1,88.78,Ciudad 05,,Francia
11032,IBHPP,1,2020-02-27 16:06:00,2020-03-26,2020-02-29,3,81.84,Ciudad 01,Región,Canadá
11033,ZHCRB,7,2020-05-18 16:32:00,2020-06-15,2020-06-04,3,43.36,Ciudad 65,,Polonia
11034,JFEIL,4,2020-11-29 16:43:00,2020-12-27,2020-12-07,1,44.84,Ciudad 69,Región,México
11035,QVRLL,5,2020-01-12 16:43:00,2020-02-09,2020-02-08,2,168.53,Ciudad 32,,Italia
11036,DLQMD,3,2019-09-05 16:58:00,2019-10-03,2019-09-28,1,230.31,Ciudad 40,,Finlandia
11037,AMKXP,8,2020-01-09 11:51:00,2020-02-06,2020-02-09,3,71.0,Ciudad 11,,Australia
11038,VUSXS,6,2019-09-27 08:03:00,2019-10-25,2019-10-13,3,44.1,Ciudad 55,,Alemania
11039,ORYAY,6,2019-09-30 14:46:00,2019-10-28,2019-10-31,3,80.72,Ciudad 43,,Francia
11040,WEAQJ,3,2021-02-16 11:10:00,2021-03-16,2021-03-12,1,53.17,Ciudad 56,Región,Italia
11041,OMMPQ,8,2019-12-11 11:01:00,2020-01-08,2020-01-15,2,216.62,Ciudad 16,,Polonia
11042,JOPKE,2,2019-08-16 14:47:00,2019-09-13,2019-09-16,1,61.63,Ciudad 20,Región,Finlandia
11043,YQHEC,4,2019-11-03 14:11:00,2019-12-01,2019-11-10,3,20.91,Ciudad 04,,Austria
11044,PMOOX,6,2020-11-21 13:26:00,2020-12-19,2020-11-24,3,235.57,Ciudad 03,,Francia
11045,MSESF,1,2020-08-06 11:09:00,2020-09-03,2020-09-05,1,160.11,Ciudad 02,,Portugal
11046,AODRM,6,2019-10-08 10:54:00,2019-11-05,2019-11-08,1,15.82,Ciudad 39,Región,Argentina
11047,UNPFI,3,2021-04-07 08:23:00,2021-05-05,2021-04-16,2,227.13,Ciudad 35,,Argentina
11048,OBWWH,7,2020-04-18 11:39:00,2020-05-16,2020-04-24,1,188.1,Ciudad 08,,Italia
11049,RVAML,7,2020-03-07 16:01:00,2020-04-04,2020-03-14,3,57.54,Ciudad 39,Región,Austria
11050,GFBCR,1,2019-12-09 17:35:00,2020-01-06,2020-01-07,1,237.24,Ciudad 26,,Portugal
11051,ARPIO,7,2019-08-02 18:23:00,2019-08-30,2019-08-17,2,189.03,Ciudad 22,Región,Dinamarca
11052,CDLRH,3,2019-09-23 13:02:00,2019-10-21,2019-09-24,2,101.74,Ciudad 02,Región,Canadá
11053,ARUPY,7,2019-12-11 16:54:00,2020-01-08,2020-01-06,2,144.71,Ciudad 62,,Portugal
11054,UQMTR,9,2021-02-06 18:12:00,2021-03-06,2021-03-01,1,168.0,Ciudad 31,,España
11055,WUSQA,2,2021-01-18 18:02:00,2021-02-15,2021-02-09,3,151.19,Ciudad 62,Región,Canadá
11056,KTMWM,6,2021-03-29 12:01:00,2021-04-26,2021-04-24,1,190.25,Ciudad 35,,EE.UU.
11057,QVRLL,3,2019-10-20 09:14:00,2019-11-17,2019-10-23,2,79.56,Ciudad 32,,Italia
11058,OEZOA,4,2019-12-18 17:51:00,2020-01-15,2020-01-19,1,67.49,Ciudad 01,,Brasil
11059,JOPKE,4,2019-10-07 13:35:00,2019-11-04,2019-10-20,3,76.46,Ciudad 20,Región,Finlandia
11060,KTMWM,5,2020-08-06 18:41:00,2020-09-03,2020-09-08,3,167.39,Ciudad 35,Región,EE.UU.
11061,EZSXH,5,2019-11-07 09:11:00,2019-12-05,2019-11-29,1,228.01,Ciudad 21,Región,EE.UU.
11062,PHGRR,2,2019-07-18 09:39:00,2019-08-15,2019-07-20,2,166.03,Ciudad 62,,Polonia
11063,LZJBG,9,2020-05-31 08:21:00,2020-06-28,2020-06-29,1,192.86,Ciudad 16,Región,España
11064,IFHOG,8,2021-02-22 12:39:00,2021-03-22,2021-03-22,1,40.74,Ciudad 60,,Francia
11065,RVDMH,8,2020-10-23 18:06:00,2020-11-20,2020-11-26,2,229.74,Ciudad 05,Región,Polonia
11066,ORYAY,3,2020-05-07 09:55:00,2020-06-04,2020-06-10,3,107.96,Ciudad 43,Región,Francia
11067,IFHOG,4,2021-03-01 17:46:00,2021-03-29,2021-03-15,3,89.91,Ciudad 60,,Francia
11068,QPTDN,5,2020-08-05 08:56:00,2020-09-02,2020-09-06,1,180.9,Ciudad 65,,Austria
11069,HXEEG,1,2019-07-17 13:47:00,2019-08-14,2019-07-26,1,104.42,Ciudad 42,,Polonia
11070,CFRKI,1,2020-02-23 14:18:00,2020-03-22,2020-02-28,3,216.22,Ciudad 15,Región,España
11071,WPYMO,1,2020-03-15 09:18:00,2020-04-12,2020-04-14,3,173.41,Ciudad 02,,Canadá
11072,MYUOP,3,2021-03-06 12:13:00,2021-04-03,2021-03-28,2,52.59,Ciudad 23,,Australia
11073,OMMPQ,2,2021-01-11 11:47:00,2021-02-08,2021-02-13,2,58.2,Ciudad 16,,Polonia
11074,ARPIO,7,2019-12-30 10:17:00,2020-01-27,2020-01-04,2,43.57,Ciudad 22,,Dinamarca
11075,PPNKD,8,2019-08-18 11:10:00,2019-09-15,2019-09-02,2,53.63,Ciudad 25,,Bélgica
11076,YHAAH,4,2021-01-27 18:10:00,2021-02-24,2021-02-15,3,102.99,Ciudad 07,,Brasil
11077,KINOC,2,2020-09-16 14:07:00,2020-10-14,2020-09-24,1,89.97,Ciudad 02,Región,Portugal
