IDPedido,IDCliente,IDEmpleado,EnvioPor,FechaPedido,FechaRequerida,FechaEnvio,cantidad,val
11027,EWHZJ,7,1,2020-07-12 15:06:00,2020-08-09,2020-08-15,26,1128.42
10749,MCCJA,7,2,2020-11-01 11:17:00,2020-11-29,2020-11-19,105,6531.83
11039,ORYAY,6,3,2019-09-30 14:46:00,2019-10-28,2019-10-31,167,1376.54
10758,GFBCR,8,2,2021-01-21 18:44:00,2021-02-18,2021-01-31,73,1648.23
10394,JFEIL,3,2,2019-10-08 08:18:00,2019-11-05,2019-11-02,34,1094.6
10533,CAJJZ,8,2,2020-08-22 09:27:00,2020-09-19,2020-09-16,4,44.95
10808,DLQMD,1,1,2021-04-14 11:34:00,2021-05-12,2021-05-12,186,5229.07
10749,MCCJA,7,2,2020-11-01 11:17:00,2020-11-29,2020-11-19,105,6531.83
10371,OKGYN,7,1,2021-03-26 14:06:00,2021-04-23,2021-04-26,50,609.94
10754,KINOC,3,3,2020-12-04 16:55:00,2021-01-01,2020-12-15,15,170.0
10978,EZSXH,8,1,2020-02-12 10:32:00,2020-03-11,2020-02-16,190,4998.89
10787,QVRLL,1,1,2020-03-23 15:15:00,2020-04-20,2020-04-09,16,104.16
10485,WPYMO,3,3,2020-02-15 11:36:00,2020-03-14,2020-03-14,53,946.31
10987,CAJJZ,2,2,2019-07-10 12:32:00,2019-08-07,2019-08-05,49,614.84
10596,WJQYI,1,1,2020-12-22 14:03:00,2021-01-19,,86,1953.4
10730,FWXFW,5,1,2020-11-18 09:11:00,2020-12-16,2020-11-20,59,1061.73
11052,CDLRH,3,2,2019-09-23 13:02:00,2019-10-21,2019-09-24,77,1921.04
10499,QDKDT,7,1,2019-12-18 16:08:00,2020-01-15,2020-01-21,84,6761.03
10629,IAKCY,9,1,2019-11-19 11:39:00,2019-12-17,2019-12-03,28,265.74
10969,KTMWM,7,3,2020-04-29 08:24:00,2020-05-27,2020-05-07,158,2426.91
10775,ORYAY,4,3,2020-11-12 17:06:00,2020-12-10,2020-12-07,171,7952.93
10977,UNYYX,2,1,2020-12-07 11:55:00,2021-01-04,2020-12-09,96,1658.86
10264,EETZO,6,1,2020-04-08 15:46:00,2020-05-06,2020-04-25,30,793.36
10896,LKXAI,7,1,2021-04-06 18:30:00,2021-05-04,2021-04-07,28,1791.6
11051,ARPIO,7,2,2019-08-02 18:23:00,2019-08-30,2019-08-17,27,168.37
10668,OBWWH,5,3,2020-03-31 16:35:00,2020-04-28,2020-04-27,118,8907.35
10889,WNCLH,9,3,2021-01-06 09:46:00,2021-02-03,2021-01-28,99,2359.26
10727,OKGYN,6,3,2020-05-19 09:59:00,2020-06-16,2020-06-18,47,805.73
10304,WJQYI,4,2,2021-02-28 13:53:00,2021-03-28,2021-03-03,80,613.46
10658,EETZO,3,2,2021-03-21 16:02:00,2021-04-18,2021-04-24,62,1902.19
10765,RVAML,9,1,2020-09-16 13:42:00,2020-10-14,2020-09-19,69,1996.55
10993,FWXFW,1,2,2019-09-12 17:46:00,2019-10-10,2019-10-06,100,2478.69
10349,ZHCRB,5,2,2021-02-20 13:52:00,2021-03-20,2021-03-24,31,1028.94
10484,OEZOA,3,1,2021-03-05 13:04:00,2021-04-02,2021-03-09,26,347.62
10454,WNCLH,7,3,2020-08-04 08:23:00,2020-09-01,2020-08-12,16,604.48
10922,IAKCY,5,1,2020-05-17 15:58:00,2020-06-14,2020-06-21,106,2183.36
10930,CDLRH,2,2,2020-03-21 09:40:00,2020-04-18,2020-04-12,113,1931.27
10656,KTMWM,2,3,2021-04-07 13:04:00,2021-05-05,2021-04-22,70,1261.95
10407,LQSSY,9,2,2019-12-25 09:57:00,2020-01-22,2020-01-03,110,2070.44
10396,UNPFI,5,1,2020-09-26 17:23:00,2020-10-24,,89,872.61
10690,GSKSA,1,3,2020-02-26 17:02:00,2020-03-25,2020-03-21,48,345.63
10780,CHJHK,4,1,2020-04-11 13:10:00,2020-05-09,2020-04-12,51,1317.09
10506,ZFYWY,1,1,2020-01-11 08:15:00,2020-02-08,2020-01-19,43,570.52
10382,PPNKD,9,1,2021-02-09 18:13:00,2021-03-09,2021-02-14,34,801.08
10300,ORYAY,3,1,2020-08-12 12:00:00,2020-09-09,2020-08-31,24,1105.56
10781,MCCJA,6,2,2019-07-04 15:46:00,2019-08-01,2019-07-26,8,44.96
10997,QYNXK,4,3,2019-10-20 11:03:00,2019-11-17,2019-11-09,21,473.34
10565,CDLRH,7,1,2020-02-26 17:27:00,2020-03-25,2020-03-06,63,1050.25
10254,XZGTP,9,1,2019-09-30 17:25:00,2019-10-28,2019-10-04,76,4204.58
10957,WJQYI,2,2,2020-07-04 15:25:00,2020-08-01,2020-07-22,34,2222.06
10695,QPTDN,2,2,2019-12-06 09:37:00,2020-01-03,2020-01-06,81,3429.18
10511,LQSSY,3,3,2020-06-14 12:44:00,2020-07-12,2020-07-04,143,1978.26
10554,CAJJZ,1,3,2019-09-02 10:10:00,2019-09-30,2019-09-13,5,64.6
10926,OEZOA,7,1,2019-09-18 14:24:00,2019-10-16,2019-09-27,50,769.48
11072,MYUOP,3,2,2021-03-06 12:13:00,2021-04-03,2021-03-28,60,695.47
10738,PHGRR,7,2,2021-01-08 08:15:00,2021-02-05,2021-01-12,196,5580.21
11028,OKGYN,7,3,2020-04-06 12:08:00,2020-05-04,2020-04-22,54,1655.17
10637,QPTDN,5,1,2019-10-11 10:58:00,2019-11-08,2019-10-12,91,805.08
10569,MYUOP,9,2,2020-10-02 12:58:00,2020-10-30,2020-10-11,33,363.53
10481,VGMIO,4,3,2021-04-10 13:53:00,2021-05-08,2021-04-14,36,303.12
10859,EHVXH,8,3,2020-07-15 13:01:00,2020-08-12,2020-08-14,61,2552.85
11077,KINOC,2,1,2020-09-16 14:07:00,2020-10-14,2020-09-24,90,1983.34
10864,PMOOX,7,1,2020-01-01 10:59:00,2020-01-29,2020-01-26,58,485.08
10699,FWXFW,9,3,2020-02-17 13:09:00,2020-03-16,2020-02-26,41,1354.23
10840,CDLRH,8,2,2020-12-10 12:44:00,2021-01-07,2020-12-13,58,857.58
10844,VXISR,4,1,2020-08-07 18:46:00,2020-09-04,2020-08-13,147,1503.7
10659,UNYYX,8,1,2020-09-24 09:25:00,2020-10-22,2020-10-15,53,793.3
11001,LQAJJ,4,1,2019-07-25 18:36:00,2019-08-22,2019-08-03,50,561.26
10322,WNCLH,1,3,2021-03-09 11:23:00,2021-04-06,,89,2678.8
10949,WNTIS,7,2,2020-02-15 08:49:00,2020-03-14,2020-03-08,62,1031.87
10830,JFEIL,7,2,2020-09-17 15:10:00,2020-10-15,2020-09-24,46,1918.57
10826,CRBOU,4,3,2021-04-16 18:49:00,2021-05-14,2021-04-20,29,255.26
10597,ZFYWY,2,3,2019-07-12 09:41:00,2019-08-09,2019-07-16,21,1233.8
10253,CDLRH,8,1,2020-04-09 17:19:00,2020-05-07,2020-04-15,39,2022.15
10761,JUIWI,2,2,2019-08-31 08:32:00,2019-09-28,2019-09-22,133,1256.71
10735,MTPNQ,9,3,2020-07-10 09:29:00,2020-08-07,2020-08-13,55,1929.83
10836,PILRH,8,1,2021-02-01 11:40:00,2021-03-01,2021-03-02,113,2522.93
10553,EYYSN,7,3,2020-02-22 11:13:00,2020-03-21,2020-03-16,119,1440.62
10563,WOHLE,5,2,2020-11-07 09:00:00,2020-12-05,2020-11-13,83,1286.01
10248,LKXAI,6,1,2020-01-08 09:18:00,2020-02-05,2020-02-12,143,10235.03
11024,MHCEX,1,2,2020-08-09 16:58:00,2020-09-06,2020-08-28,62,2316.94
10935,ABOZO,2,2,2020-08-22 13:29:00,2020-09-19,2020-09-18,60,602.85
10299,OEZOA,1,3,2021-04-07 18:48:00,2021-05-05,2021-05-04,27,1369.77
10475,EETZO,9,2,2021-04-22 13:46:00,2021-05-20,2021-05-13,270,4672.05
10561,YGUPQ,8,3,2021-04-18 15:40:00,2021-05-16,2021-04-26,125,2937.48
10369,LQAJJ,9,2,2020-04-16 15:23:00,2020-05-14,2020-05-10,72,883.89
10615,WJQYI,8,2,2019-07-14 13:14:00,2019-08-11,2019-08-15,38,667.21
10657,BXJIB,1,1,2020-04-25 11:46:00,2020-05-23,2020-05-17,109,2505.69
10931,VGMIO,9,1,2021-03-05 09:22:00,2021-04-02,2021-04-06,107,1751.0
10640,GMUGJ,3,3,2020-03-13 16:31:00,2020-04-10,2020-03-25,142,2009.62
10427,PHGRR,1,2,2020-10-10 16:36:00,2020-11-07,2020-11-06,22,668.58
10902,ZFYWY,2,2,2020-04-09 18:17:00,2020-05-07,2020-04-30,92,3475.32
10351,CDLRH,6,1,2021-04-23 08:27:00,2021-05-21,2021-04-25,163,2751.63
10420,EYYSN,6,3,2019-09-13 17:00:00,2019-10-11,2019-09-21,72,2874.87
10994,KDERT,7,2,2019-07-20 11:50:00,2019-08-17,2019-08-18,30,2382.42
10305,UNYYX,1,2,2020-08-26 18:28:00,2020-09-23,2020-09-10,121,5627.34
10903,FWTMU,9,2,2021-02-23 10:06:00,2021-03-23,2021-03-16,41,1612.17
10835,JOPKE,1,3,2020-05-16 09:34:00,2020-06-13,2020-06-16,8,281.52
10336,OMMPQ,3,3,2020-02-14 08:19:00,2020-03-13,2020-02-17,79,2520.46
10783,PHGRR,3,2,2020-03-13 16:44:00,2020-04-10,2020-03-25,58,3193.7
10672,JUIWI,5,2,2021-02-09 12:29:00,2021-03-09,2021-02-17,18,363.66
10870,CFRKI,5,3,2020-09-28 10:12:00,2020-10-26,2020-10-06,33,191.76
10399,UNPFI,1,2,2020-01-28 13:23:00,2020-02-25,2020-02-28,32,530.47
10389,RUNCK,3,3,2020-04-25 18:40:00,2020-05-23,2020-05-11,58,1591.13
10807,LKXAI,7,1,2020-08-12 08:05:00,2020-09-09,2020-09-12,49,389.52
10490,KINOC,9,3,2020-08-27 13:29:00,2020-09-24,,122,3964.29
10990,ABOZO,4,1,2021-03-28 18:54:00,2021-04-25,2021-04-10,36,688.91
10851,GMUGJ,1,3,2020-02-22 08:57:00,2020-03-21,2020-03-25,171,4890.27
10752,LQSSY,8,3,2020-04-12 15:05:00,2020-05-10,2020-05-01,27,295.65
10447,KTMWM,3,3,2020-01-07 08:08:00,2020-02-04,,53,1221.06
10905,LQSSY,1,2,2020-09-21 14:35:00,2020-10-19,2020-10-24,66,2021.09
10531,MYUOP,5,1,2021-03-13 09:08:00,2021-04-10,2021-03-15,46,268.4
10440,PHGRR,7,1,2019-12-02 16:18:00,2019-12-30,2019-12-14,53,801.74
10480,KINOC,9,1,2019-07-18 10:30:00,2019-08-15,2019-08-13,113,705.86
10266,WNTIS,1,2,2021-01-05 18:56:00,2021-02-02,2021-01-23,29,1448.06
10938,GSKSA,8,3,2019-09-27 15:32:00,2019-10-25,2019-11-01,20,309.72
10937,CRBOU,4,1,2019-08-26 11:18:00,2019-09-23,2019-08-31,86,3871.1
10909,JUIWI,4,2,2020-06-12 17:16:00,2020-07-10,2020-06-15,49,980.08
10652,LKXAI,2,1,2020-10-20 11:38:00,2020-11-17,2020-10-23,35,695.49
10523,GMUGJ,3,1,2020-04-25 13:00:00,2020-05-23,2020-05-25,92,2436.24
10459,GMUGJ,6,3,2020-02-03 12:05:00,2020-03-02,2020-02-22,81,1393.11
10460,QPTDN,4,2,2020-02-29 10:15:00,2020-03-28,2020-03-19,31,719.39
10679,LZJBG,4,3,2019-09-28 08:51:00,2019-10-26,2019-10-22,76,4188.05
10421,DDGUG,9,1,2020-11-19 11:20:00,2020-12-17,2020-11-23,76,1936.87
10287,RVAML,8,2,2020-03-25 12:48:00,2020-04-22,,10,530.7
10737,JOPKE,9,2,2020-03-23 09:05:00,2020-04-20,2020-04-14,16,103.21
10451,LQAJJ,7,2,2020-10-29 13:06:00,2020-11-26,2020-11-17,64,3867.98
10466,CAJJZ,1,3,2019-11-05 14:19:00,2019-12-03,2019-11-16,11,669.33
10415,MYUOP,5,1,2021-02-20 13:28:00,2021-03-20,2021-03-20,63,898.83
10858,AMKXP,3,2,2021-02-07 10:36:00,2021-03-07,2021-03-07,63,920.88
10777,CRBOU,8,1,2020-01-26 17:22:00,2020-02-23,2020-02-29,85,1631.41
10891,FWTMU,9,2,2020-08-05 15:04:00,2020-09-02,2020-09-09,105,2527.29
10530,IFHOG,8,2,2020-04-09 11:38:00,2020-05-07,2020-04-30,81,1021.3
10250,GSKSA,9,2,2020-01-06 18:41:00,2020-02-03,2020-01-27,141,2743.93
10278,CAJJZ,3,2,2020-08-15 09:14:00,2020-09-12,2020-08-31,58,1485.26
11050,GFBCR,1,1,2019-12-09 17:35:00,2020-01-06,2020-01-07,46,815.9
10962,OMMPQ,1,2,2021-04-09 12:16:00,2021-05-07,2021-05-10,218,3190.63
10580,FWXFW,1,2,2019-12-11 13:19:00,2020-01-08,2020-01-14,69,1448.35
10912,IBHPP,7,2,2020-06-12 08:00:00,2020-07-10,2020-07-11,132,4811.49
10755,UQMTR,6,2,2020-06-15 13:58:00,2020-07-13,2020-06-25,45,1642.64
11018,XLPUE,5,3,2020-03-12 12:55:00,2020-04-09,2020-03-25,124,2557.35
10681,KINOC,9,3,2020-10-08 09:20:00,2020-11-05,2020-10-16,38,906.94
10445,WJQYI,5,1,2020-08-19 15:14:00,2020-09-16,2020-09-07,190,1890.42
10616,MTPNQ,1,3,2019-08-13 10:57:00,2019-09-10,2019-08-22,68,2341.23
10979,WUSQA,4,3,2020-11-04 10:25:00,2020-12-02,2020-11-24,46,1331.87
10709,FWXFW,8,1,2021-03-21 08:58:00,2021-04-18,2021-04-05,67,1618.19
11065,RVDMH,8,2,2020-10-23 18:06:00,2020-11-20,2020-11-26,23,135.01
10776,VGMIO,5,3,2020-05-08 11:51:00,2020-06-05,2020-05-25,231,2403.46
11020,WOHLE,6,3,2020-07-03 14:04:00,2020-07-31,2020-07-05,24,134.88
10516,QYNXK,4,3,2019-09-18 08:43:00,2019-10-16,2019-10-14,136,2573.92
10468,YHAAH,4,1,2020-10-18 09:00:00,2020-11-15,2020-11-19,83,2679.99
11035,QVRLL,5,2,2020-01-12 16:43:00,2020-02-09,2020-02-08,134,4888.1
10773,KDERT,2,2,2019-10-23 09:03:00,2019-11-20,2019-11-09,54,1514.58
10936,BXJIB,8,2,2020-05-17 10:33:00,2020-06-14,2020-06-04,66,1343.95
10732,OMMPQ,3,1,2019-10-28 15:33:00,2019-11-25,,86,1676.26
10319,TMXBF,8,3,2020-05-03 12:04:00,2020-05-31,2020-05-16,50,2687.51
11033,ZHCRB,7,3,2020-05-18 16:32:00,2020-06-15,2020-06-04,46,1776.98
10308,PMOOX,8,3,2020-08-19 18:15:00,2020-09-16,2020-09-03,34,1577.36
10353,KDERT,5,1,2020-02-27 13:57:00,2020-03-26,2020-03-24,10,484.3
10366,QYNXK,6,3,2019-07-09 10:42:00,2019-08-06,2019-08-06,143,1970.59
10822,OKGYN,9,3,2020-08-02 18:52:00,2020-08-30,2020-08-14,70,1017.98
10799,CDLRH,1,2,2020-04-22 13:52:00,2020-05-20,2020-05-12,58,1528.21
10522,PMOOX,3,3,2020-09-25 10:19:00,2020-10-23,2020-10-15,24,260.17
10362,PILRH,1,2,2021-04-08 11:38:00,2021-05-06,2021-04-20,145,2968.92
10324,EWQCH,4,1,2021-01-26 11:04:00,2021-02-23,2021-02-04,12,117.78
10551,AMKXP,2,1,2021-02-18 18:18:00,2021-03-18,2021-03-12,101,2783.47
10573,QYNXK,2,2,2020-09-15 16:01:00,2020-10-13,2020-09-27,121,3457.29
10331,IBHPP,6,2,2019-11-25 15:15:00,2019-12-23,2019-12-30,15,177.45
10887,QVRLL,4,1,2020-03-09 12:33:00,2020-04-06,2020-04-09,111,2597.66
10380,EWHZJ,9,1,2020-11-20 13:37:00,2020-12-18,2020-12-04,116,1717.18
10356,VUSXS,2,3,2020-06-28 17:18:00,2020-07-26,2020-07-23,6,50.52
10446,PMOOX,1,2,2020-02-27 08:06:00,2020-03-26,2020-03-29,79,1279.9
10330,ABOZO,2,1,2020-11-12 12:10:00,2020-12-10,2020-12-07,31,789.87
10292,WJQYI,3,2,2020-12-21 08:46:00,2021-01-18,2021-01-24,97,1568.06
10508,GCSLF,9,3,2020-07-10 09:05:00,2020-08-07,2020-07-19,228,13858.48
10742,VUSXS,6,3,2020-03-24 11:39:00,2020-04-21,2020-04-10,119,4731.14
10322,WNCLH,1,3,2021-03-09 11:23:00,2021-04-06,,89,2678.8
11032,IBHPP,1,3,2020-02-27 16:06:00,2020-03-26,2020-02-29,80,1341.59
10527,PPNKD,6,1,2019-07-30 16:55:00,2019-08-27,2019-08-05,88,1291.97
10494,PMOOX,1,3,2020-09-11 17:57:00,2020-10-09,2020-10-16,72,1554.44
10790,WUSQA,6,3,2019-08-16 09:17:00,2019-09-13,2019-09-02,82,4074.94
10361,JFEIL,2,3,2020-01-01 15:38:00,2020-01-29,2020-01-28,125,1300.14
10510,ARPIO,5,2,2019-11-05 08:19:00,2019-12-03,2019-11-18,51,3528.46
10557,YGUPQ,9,2,2019-10-02 18:18:00,2019-10-30,2019-11-02,21,1172.64
10744,QDKDT,6,3,2020-03-09 14:47:00,2020-04-06,2020-04-09,11,205.94
10984,XZGTP,2,3,2020-08-28 15:27:00,2020-09-25,2020-09-16,52,2665.9
10650,WPYMO,5,2,2020-06-09 11:07:00,2020-07-07,2020-06-23,44,1937.12
10412,YGUPQ,2,2,2019-10-09 11:23:00,2019-11-06,2019-10-15,57,1354.66
10271,MSESF,7,2,2020-11-03 08:19:00,2020-12-01,2020-11-09,88,1801.46
10850,IEHDF,2,3,2020-07-02 09:36:00,2020-07-30,2020-08-05,128,8396.38
11073,OMMPQ,2,2,2021-01-11 11:47:00,2021-02-08,2021-02-13,39,690.33
10716,QYNXK,3,2,2019-09-23 12:02:00,2019-10-21,2019-10-18,33,657.84
10846,EETZO,2,3,2021-04-24 08:57:00,2021-05-22,2021-04-29,166,3805.21
10677,IAKCY,9,2,2019-11-20 15:11:00,2019-12-18,2019-11-25,55,1225.38
10817,WEAQJ,1,3,2020-08-24 08:56:00,2020-09-21,2020-09-27,5,56.34
10810,JSSTI,3,1,2019-08-01 17:07:00,2019-08-29,2019-08-22,82,888.68
10743,KTMWM,7,2,2019-07-18 18:36:00,2019-08-15,2019-07-23,75,544.58
10579,FWTMU,1,3,2019-08-25 14:53:00,2019-09-22,2019-09-06,30,1117.43
10585,EWQCH,8,1,2019-07-05 12:22:00,2019-08-02,2019-07-07,88,2663.35
10577,EHVXH,8,2,2021-04-23 14:00:00,2021-05-21,2021-05-11,25,313.82
10910,EWQCH,8,2,2020-07-01 13:08:00,2020-07-29,2020-08-04,134,4403.15
11002,TMXBF,1,3,2021-02-03 12:34:00,2021-03-03,2021-02-22,17,186.15
10422,LQAJJ,8,2,2020-09-29 10:20:00,2020-10-27,2020-10-26,32,401.36
10793,AODRM,4,3,2020-07-06 09:07:00,2020-08-03,2020-07-31,98,1660.73
10548,WUSQA,5,1,2019-10-10 08:32:00,2019-11-07,2019-10-26,82,1816.69
10491,EHVXH,6,2,2020-05-17 16:35:00,2020-06-14,2020-05-21,70,1078.32
10921,EWQCH,5,1,2020-02-02 10:07:00,2020-03-01,2020-02-13,86,4568.46
10622,MHCEX,7,3,2019-10-25 11:35:00,2019-11-22,2019-11-08,70,3057.12
10432,XZGTP,9,2,2020-09-18 10:01:00,2020-10-16,2020-10-17,114,2591.26
10941,UNYYX,1,2,2020-04-16 09:51:00,2020-05-14,2020-05-16,33,277.86
10608,EWHZJ,2,3,2020-04-16 09:17:00,2020-05-14,2020-04-19,14,96.18
10785,UQMTR,8,1,2019-08-04 09:23:00,2019-09-01,2019-09-06,67,811.19
10992,LKXAI,5,3,2021-04-16 17:22:00,2021-05-14,2021-04-24,54,712.94
10628,JSSTI,4,2,2019-07-18 13:15:00,2019-08-15,2019-07-22,62,1195.98
10983,CAJJZ,5,2,2021-01-17 15:39:00,2021-02-14,2021-02-10,49,503.67
10675,EWQCH,3,1,2020-05-04 18:54:00,2020-06-01,2020-05-31,32,781.21
10753,OMMPQ,3,1,2020-05-09 14:03:00,2020-06-06,2020-05-30,29,212.06
10435,TMXBF,2,3,2020-06-02 09:18:00,2020-06-30,2020-06-03,26,1259.18
10395,VUSXS,1,3,2021-03-07 08:18:00,2021-04-04,2021-03-20,32,571.1
10410,KUABU,5,2,2020-05-27 11:15:00,2020-06-24,2020-06-19,130,3443.94
10663,CFRKI,4,1,2020-01-11 13:09:00,2020-02-08,2020-01-17,29,236.4
10277,GCSLF,5,2,2019-07-14 16:43:00,2019-08-11,2019-07-21,54,1060.57
10809,CHJHK,1,2,2021-02-26 16:08:00,2021-03-26,2021-03-06,22,211.73
10440,PHGRR,7,1,2019-12-02 16:18:00,2019-12-30,2019-12-14,53,801.74
10413,ZFYWY,9,3,2020-07-31 17:45:00,2020-08-28,2020-08-14,41,556.03
10673,MSESF,5,3,2019-08-19 16:24:00,2019-09-16,2019-09-03,84,1718.81
10501,PPNKD,7,1,2019-09-25 17:02:00,2019-10-23,2019-10-14,47,1160.89
10791,ARPIO,3,1,2021-01-10 15:39:00,2021-02-07,2021-01-23,17,94.8
10391,ORYAY,1,3,2019-08-11 11:49:00,2019-09-08,2019-08-20,79,1350.02
10841,JSSTI,1,2,2021-01-06 14:01:00,2021-02-03,2021-02-04,95,1265.06
10945,VUSXS,3,1,2021-05-01 14:15:00,2021-05-29,2021-05-18,97,3329.16
10338,AODRM,4,2,2020-01-20 13:37:00,2020-02-17,2020-02-22,27,264.63
10529,DDGUG,9,3,2020-03-14 18:16:00,2020-04-11,2020-03-15,58,827.48
10659,UNYYX,8,1,2020-09-24 09:25:00,2020-10-22,2020-10-15,53,793.3
10614,EETZO,8,3,2021-01-06 18:22:00,2021-02-03,2021-01-22,68,4605.51
10689,WDZSH,4,1,2019-11-08 08:12:00,2019-12-06,2019-11-16,44,1305.48
10874,ZHCRB,9,2,2020-08-26 14:05:00,2020-09-23,2020-08-31,92,2140.41
10648,KINOC,5,3,2019-10-26 14:59:00,2019-11-23,2019-11-30,42,668.53
10627,RVDMH,2,3,2021-02-27 08:57:00,2021-03-27,2021-02-28,162,2224.2
10625,FWXFW,2,3,2020-09-21 10:29:00,2020-10-19,2020-10-01,105,7191.79
10262,WNTIS,9,1,2019-11-29 08:51:00,2019-12-27,2019-12-01,78,1615.58
10340,PHGRR,5,1,2020-12-07 15:53:00,2021-01-04,2020-12-12,59,947.83
10546,WEAQJ,9,2,2019-12-21 12:38:00,2020-01-18,2020-01-11,25,651.46
10442,VXISR,9,1,2021-01-14 12:15:00,2021-02-11,2021-01-28,67,7009.26
10529,DDGUG,9,3,2020-03-14 18:16:00,2020-04-11,2020-03-15,58,827.48
10310,XZGTP,1,3,2020-01-06 10:50:00,2020-02-03,2020-01-16,77,2917.58
10652,LKXAI,2,1,2020-10-20 11:38:00,2020-11-17,2020-10-23,35,695.49
10971,IAKCY,3,2,2020-09-13 10:50:00,2020-10-11,2020-09-20,66,932.39
10960,ARUPY,2,1,2021-03-23 16:45:00,2021-04-20,2021-04-14,13,988.78
10408,ARUPY,1,3,2019-08-12 16:38:00,2019-09-09,2019-09-08,43,1826.75
11026,EZSXH,5,3,2019-10-15 12:23:00,2019-11-12,2019-10-20,99,1330.02
11059,JOPKE,4,3,2019-10-07 13:35:00,2019-11-04,2019-10-20,44,497.62
10627,RVDMH,2,3,2021-02-27 08:57:00,2021-03-27,2021-02-28,162,2224.2
10934,QYNXK,7,1,2019-12-07 11:39:00,2020-01-04,2019-12-22,29,855.26
10971,IAKCY,3,2,2020-09-13 10:50:00,2020-10-11,2020-09-20,66,932.39
10274,MTPNQ,6,3,2020-07-19 14:38:00,2020-08-16,2020-08-14,27,540.64
10256,EHVXH,1,2,2019-10-13 09:05:00,2019-11-10,2019-11-01,26,163.54
10860,PHGRR,7,3,2020-10-04 08:19:00,2020-11-01,2020-10-25,26,500.5
10470,QYNXK,9,2,2021-04-18 08:31:00,2021-05-16,2021-05-08,37,1088.86
10705,PHGRR,5,2,2020-07-26 18:55:00,2020-08-23,2020-07-30,44,1317.73
10675,EWQCH,3,1,2020-05-04 18:54:00,2020-06-01,2020-05-31,32,781.21
10857,WNCLH,1,1,2020-10-06 13:28:00,2020-11-03,2020-10-20,79,2705.43
10602,PMOOX,4,1,2021-03-30 09:30:00,2021-04-27,2021-04-26,40,987.06
11054,UQMTR,9,1,2021-02-06 18:12:00,2021-03-06,2021-03-01,53,1227.19
10746,UNYYX,4,3,2021-01-27 13:37:00,2021-02-24,2021-02-03,95,2016.92
10401,MCCJA,7,1,2020-05-23 11:15:00,2020-06-20,2020-06-27,49,1957.1
11008,JUIWI,5,3,2019-11-08 14:02:00,2019-12-06,2019-11-09,42,1445.3
10636,GMUGJ,7,3,2020-07-24 17:34:00,2020-08-21,2020-08-27,5,99.15
10348,OEZOA,1,2,2019-10-14 16:00:00,2019-11-11,,34,540.76
10687,IAKCY,7,1,2020-08-08 08:27:00,2020-09-05,2020-08-20,82,5586.79
11006,UQMTR,1,3,2021-02-27 12:51:00,2021-03-27,2021-03-14,71,2106.57
11070,CFRKI,1,3,2020-02-23 14:18:00,2020-03-22,2020-02-28,26,284.7
11035,QVRLL,5,2,2020-01-12 16:43:00,2020-02-09,2020-02-08,134,4888.1
10932,AODRM,1,3,2020-02-05 18:41:00,2020-03-04,2020-02-14,42,820.58
10392,VUSXS,5,1,2019-07-27 16:24:00,2019-08-24,2019-08-06,108,1382.5
10770,MYUOP,2,1,2020-01-05 14:20:00,2020-02-02,2020-01-27,143,1427.99
10685,CRBOU,7,3,2020-10-15 10:12:00,2020-11-12,2020-11-18,74,2158.61
10571,WJQYI,7,1,2019-09-07 12:05:00,2019-10-05,2019-10-07,87,1218.82
10372,YGUPQ,4,2,2021-02-14 09:46:00,2021-03-14,2021-03-11,67,1034.35
10495,MCCJA,6,2,2019-09-02 17:24:00,2019-09-30,2019-09-13,15,325.05
10734,IFHOG,7,2,2020-04-05 11:18:00,2020-05-03,2020-04-28,37,1080.17
11034,JFEIL,4,1,2020-11-29 16:43:00,2020-12-27,2020-12-07,111,4962.54
10443,GCSLF,1,2,2021-03-15 16:11:00,2021-04-12,2021-03-26,19,111.58
10532,MCCJA,9,3,2020-02-24 08:37:00,2020-03-23,2020-03-12,143,2630.18
10586,OMMPQ,9,3,2021-05-01 17:59:00,2021-05-29,2021-05-12,143,5442.86
10584,MSESF,9,2,2020-10-28 14:49:00,2020-11-25,2020-11-30,86,4074.25
10693,BXJIB,1,1,2019-12-17 15:49:00,2020-01-14,2020-01-16,146,6003.28
10541,IFHOG,7,3,2019-10-08 18:38:00,2019-11-05,2019-11-11,52,480.79
10478,GSKSA,8,1,2020-09-17 09:59:00,2020-10-15,2020-09-27,141,2901.08
10904,LQAJJ,5,1,2020-02-18 13:33:00,2020-03-17,2020-02-19,44,2277.2
10351,CDLRH,6,1,2021-04-23 08:27:00,2021-05-21,2021-04-25,163,2751.63
10455,ARPIO,3,1,2021-04-30 15:08:00,2021-05-28,2021-05-30,7,61.4
10309,YHAAH,3,1,2020-06-29 13:36:00,2020-07-27,2020-07-02,12,64.46
10801,UQMTR,4,2,2020-10-31 11:19:00,2020-11-28,2020-11-15,64,1981.26
10453,JQCTG,1,3,2019-12-23 14:15:00,2020-01-20,2020-01-15,57,737.38
10688,DDGUG,7,1,2020-10-23 17:00:00,2020-11-20,2020-11-18,50,913.76
11074,ARPIO,7,2,2019-12-30 10:17:00,2020-01-27,2020-01-04,167,1918.83
10646,AODRM,5,2,2019-10-16 11:37:00,2019-11-13,2019-11-11,104,1378.46
10359,EWQCH,7,3,2020-03-07 08:52:00,2020-04-04,2020-04-08,21,386.81
10653,DLQMD,4,1,2020-06-06 13:50:00,2020-07-04,2020-06-22,57,803.28
11069,HXEEG,1,1,2019-07-17 13:47:00,2019-08-14,2019-07-26,93,2974.77
10988,GMUGJ,7,1,2019-10-17 18:01:00,2019-11-14,2019-10-23,47,2335.63
10916,KDERT,3,1,2020-03-04 10:07:00,2020-04-01,2020-03-06,61,2296.04
10918,CRBOU,7,2,2020-05-27 13:32:00,2020-06-24,2020-06-20,87,1490.63
10272,XLPUE,5,3,2021-05-06 18:00:00,2021-06-03,2021-06-03,4,47.58
10875,VXISR,8,3,2020-08-02 14:54:00,2020-08-30,2020-08-21,42,717.44
10879,FWTMU,1,2,2019-07-21 18:52:00,2019-08-18,2019-07-31,87,3347.38
10899,KSKIC,4,3,2020-12-05 12:12:00,2021-01-02,2020-12-19,42,1391.88
10578,WJQYI,2,1,2019-11-14 15:30:00,2019-12-12,2019-12-18,72,3048.48
10733,RUNCK,8,2,2020-05-18 18:24:00,2020-06-15,2020-06-15,122,1825.26
10767,JQCTG,9,2,2020-08-21 09:27:00,2020-09-18,2020-09-22,98,1876.12
10825,VGMIO,4,1,2020-06-22 13:20:00,2020-07-20,2020-06-24,78,2022.27
10604,ORYAY,5,2,2021-03-23 12:24:00,2021-04-20,2021-04-24,64,810.32
10923,JFEIL,6,2,2020-02-25 13:44:00,2020-03-24,2020-03-14,89,2770.75
10814,JOPKE,9,1,2020-02-08 16:34:00,2020-03-07,2020-02-21,68,1209.92
10632,UQMTR,8,2,2019-08-12 14:57:00,2019-09-09,2019-08-14,48,594.4
10674,YQHEC,5,3,2019-08-02 18:17:00,2019-08-30,2019-08-19,113,3284.64
10768,MSESF,8,3,2019-11-05 16:53:00,2019-12-03,2019-12-09,208,2820.55
10885,RVDMH,9,2,2020-12-23 13:31:00,2021-01-20,2021-01-27,40,775.96
10552,PPNKD,5,2,2020-11-22 09:31:00,2020-12-20,2020-12-26,36,569.96
10832,JFEIL,9,2,2020-01-20 12:35:00,2020-02-17,2020-02-22,51,815.28
10816,ARPIO,2,2,2021-03-14 12:34:00,2021-04-11,2021-03-20,59,1479.03
10619,WOHLE,9,1,2021-04-08 16:57:00,2021-05-06,2021-04-21,72,1381.11
10402,VUSXS,9,1,2020-03-09 17:25:00,2020-04-06,2020-03-22,94,1198.23
10456,WUSQA,4,2,2020-08-02 15:43:00,2020-08-30,,76,2435.49
10405,LQSSY,8,2,2020-08-29 11:34:00,2020-09-26,2020-08-30,31,555.49
11063,LZJBG,9,1,2020-05-31 08:21:00,2020-06-28,2020-06-29,53,839.34
10678,OBWWH,4,3,2019-07-22 15:01:00,2019-08-19,2019-08-08,13,725.92
10374,KTMWM,2,2,2020-11-27 18:39:00,2020-12-25,2020-12-23,28,1928.18
10620,EETZO,9,3,2020-03-10 18:32:00,2020-04-07,2020-03-17,43,497.81
11007,WUSQA,9,1,2019-09-12 15:32:00,2019-10-10,2019-09-18,162,3692.14
10378,MYUOP,9,1,2021-03-30 10:41:00,2021-04-27,2021-04-11,54,3446.06
10829,WDZSH,2,1,2020-02-16 13:56:00,2020-03-15,2020-03-22,52,736.84
11057,QVRLL,3,2,2019-10-20 09:14:00,2019-11-17,2019-10-23,90,3176.42
10284,MTPNQ,6,3,2020-08-28 08:03:00,2020-09-25,2020-09-05,42,441.5
10448,GCSLF,5,2,2019-07-04 08:45:00,2019-08-01,2019-07-21,47,636.44
10882,RVDMH,1,2,2020-05-30 10:15:00,2020-06-27,2020-06-18,158,11841.77
10403,JOPKE,2,2,2020-04-12 08:45:00,2020-05-10,2020-05-07,73,932.44
10466,CAJJZ,1,3,2019-11-05 14:19:00,2019-12-03,2019-11-16,11,669.33
10326,EZSXH,9,3,2020-06-09 09:38:00,2020-07-07,2020-07-03,328,6358.26
10662,WJQYI,6,3,2020-10-16 17:24:00,2020-11-13,2020-10-23,78,2147.99
10371,OKGYN,7,1,2021-03-26 14:06:00,2021-04-23,2021-04-26,50,609.94
10444,JOPKE,9,2,2021-02-09 14:13:00,2021-03-09,2021-02-15,3,30.91
10944,JUIWI,7,1,2021-02-28 17:28:00,2021-03-28,2021-03-09,42,662.98
10425,ARUPY,4,1,2020-05-19 17:34:00,2020-06-16,2020-06-18,61,1878.74
10606,EWQCH,3,2,2020-02-13 12:58:00,2020-03-12,2020-02-20,42,895.99
10279,JSSTI,2,2,2019-10-16 15:00:00,2019-11-13,2019-10-31,19,344.57
10307,LKXAI,8,2,2020-05-13 18:28:00,2020-06-10,2020-06-06,36,599.98
10373,IFHOG,2,2,2020-01-22 16:20:00,2020-02-19,2020-01-28,25,341.5
11046,AODRM,6,1,2019-10-08 10:54:00,2019-11-05,2019-11-08,71,821.32
10269,KDERT,2,1,2019-08-25 13:26:00,2019-09-22,2019-09-11,79,908.54
11016,UNYYX,2,1,2020-09-13 15:38:00,2020-10-11,2020-10-11,106,654.0
11045,MSESF,1,1,2020-08-06 11:09:00,2020-09-03,2020-09-05,32,714.06
10473,GCSLF,9,1,2019-07-11 15:06:00,2019-08-08,2019-07-15,26,423.8
11049,RVAML,7,3,2020-03-07 16:01:00,2020-04-04,2020-03-14,45,1472.02
10755,UQMTR,6,2,2020-06-15 13:58:00,2020-07-13,2020-06-25,45,1642.64
10802,JUIWI,1,1,2021-01-02 15:59:00,2021-01-30,2021-01-17,141,4359.19
10845,PHGRR,1,3,2020-10-13 16:00:00,2020-11-10,2020-11-02,36,753.65
11031,XZGTP,5,1,2021-03-21 12:15:00,2021-04-18,2021-04-21,25,497.75
10670,GMUGJ,3,1,2019-10-10 09:09:00,2019-11-07,2019-10-26,49,1364.14
10818,VXISR,8,1,2020-05-09 15:09:00,2020-06-06,2020-05-27,5,113.7
10843,OMMPQ,8,1,2020-10-26 17:10:00,2020-11-23,2020-11-13,88,691.98
10523,GMUGJ,3,1,2020-04-25 13:00:00,2020-05-23,2020-05-25,92,2436.24
10740,CHJHK,1,3,2019-12-19 14:10:00,2020-01-16,2019-12-28,53,669.63
10714,OBWWH,5,3,2021-01-16 11:25:00,2021-02-13,2021-01-17,108,2849.5
10881,UNYYX,2,2,2020-10-29 08:30:00,2020-11-26,2020-11-20,26,310.34
11044,PMOOX,6,3,2020-11-21 13:26:00,2020-12-19,2020-11-24,12,429.1
10332,GMUGJ,3,2,2020-01-11 12:20:00,2020-02-08,2020-02-10,26,1550.2
10644,JQCTG,9,3,2020-11-09 12:29:00,2020-12-07,2020-12-08,84,1493.85
10301,RUNCK,5,3,2021-02-27 09:41:00,2021-03-27,2021-03-11,56,523.62
10691,RVAML,4,1,2020-10-13 18:23:00,2020-11-10,2020-11-01,93,1939.99
10970,WUSQA,9,3,2021-02-03 17:53:00,2021-03-03,2021-02-13,42,1767.28
10986,QYNXK,7,1,2019-09-17 08:46:00,2019-10-15,2019-10-11,98,3490.58
10697,KUABU,6,3,2019-07-22 12:16:00,2019-08-19,2019-08-08,67,2036.37
10575,RVDMH,7,1,2020-08-27 16:58:00,2020-09-24,2020-09-26,116,3231.88
10731,QDKDT,4,2,2020-07-12 12:48:00,2020-08-09,2020-08-06,5,76.31
10363,CAJJZ,7,1,2020-02-10 18:16:00,2020-03-09,2020-02-11,26,1057.94
10503,WNTIS,2,2,2021-04-01 11:46:00,2021-04-29,2021-04-14,123,1925.43
10376,PILRH,4,2,2021-03-08 08:22:00,2021-04-05,2021-04-08,19,954.86
10973,EZSXH,8,2,2019-12-16 12:40:00,2020-01-13,2020-01-07,89,884.58
10766,EZSXH,9,3,2020-12-04 10:21:00,2021-01-01,2020-12-25,72,1098.14
10570,CAJJZ,4,3,2020-09-13 08:18:00,2020-10-11,2020-09-29,38,373.54
11005,RUNCK,7,1,2019-10-09 11:14:00,2019-11-06,2019-10-11,45,464.4
10370,WEAQJ,7,2,2020-09-28 17:02:00,2020-10-26,2020-09-30,129,5095.95
10528,AODRM,1,2,2019-08-03 14:00:00,2019-08-31,2019-08-05,11,247.89
10866,GSKSA,7,2,2019-07-16 12:48:00,2019-08-13,2019-08-04,108,3045.42
10334,YHAAH,3,1,2021-04-23 18:39:00,2021-05-21,2021-05-24,51,803.43
10298,PHGRR,5,1,2020-10-04 14:02:00,2020-11-01,2020-11-01,44,2192.92
10967,EWHZJ,4,3,2021-01-19 18:36:00,2021-02-16,2021-02-04,20,117.4
11052,CDLRH,3,2,2019-09-23 13:02:00,2019-10-21,2019-09-24,77,1921.04
10381,WDZSH,1,1,2021-04-24 08:20:00,2021-05-22,2021-05-20,42,950.66
10441,WDZSH,4,1,2020-02-19 08:10:00,2020-03-18,2020-03-13,50,298.46
11043,YQHEC,4,3,2019-11-03 14:11:00,2019-12-01,2019-11-10,41,850.96
10725,JQCTG,9,2,2020-06-23 14:55:00,2020-07-21,2020-07-25,95,4247.18
10771,VGMIO,1,1,2020-03-05 10:55:00,2020-04-02,2020-03-08,61,1072.69
10862,MHCEX,9,2,2019-11-24 13:29:00,2019-12-22,2019-12-23,8,42.71
10893,WOHLE,4,3,2021-02-06 10:58:00,2021-03-06,2021-03-12,28,253.64
10873,ABOZO,3,2,2019-09-30 17:06:00,2019-10-28,2019-11-04,82,809.27
10452,ZHCRB,6,2,2020-12-19 14:57:00,2021-01-16,2021-01-07,52,662.04
10290,GCSLF,2,3,2019-10-10 10:54:00,2019-11-07,,125,1578.39
10634,MSESF,5,3,2020-01-12 09:06:00,2020-02-09,2020-01-29,187,3764.2
10722,WJQYI,7,2,2019-11-25 10:06:00,2019-12-23,2019-12-03,53,360.33
10434,VXISR,6,2,2020-02-20 13:10:00,2020-03-19,2020-02-25,14,97.72
11055,WUSQA,2,3,2021-01-18 18:02:00,2021-02-15,2021-02-09,87,3379.44
10989,QPTDN,6,2,2020-06-13 17:09:00,2020-07-11,2020-06-15,34,752.3
10898,VXISR,7,1,2020-09-10 10:49:00,2020-10-08,2020-09-15,98,2610.12
10320,TMXBF,3,1,2019-10-20 16:36:00,2019-11-17,2019-11-24,60,1691.19
10747,RUNCK,1,3,2019-10-06 12:38:00,2019-11-03,2019-10-25,51,2712.79
10249,CDLRH,3,3,2020-12-22 18:15:00,2021-01-19,2021-01-05,57,1897.53
10487,MSESF,4,3,2020-10-29 14:18:00,2020-11-26,2020-11-18,64,1279.56
10887,QVRLL,4,1,2020-03-09 12:33:00,2020-04-06,2020-04-09,111,2597.66
10788,EZSXH,7,2,2021-02-08 16:36:00,2021-03-08,2021-03-14,69,3594.9
10423,CFRKI,1,1,2020-07-08 09:41:00,2020-08-05,2020-07-11,22,980.43
10302,QDKDT,2,1,2019-11-24 16:57:00,2019-12-22,2019-11-29,23,343.4
10439,WNCLH,6,2,2021-02-18 16:06:00,2021-03-18,2021-03-02,13,1546.74
11003,JSSTI,7,3,2020-04-13 18:26:00,2020-05-11,2020-04-17,67,488.07
10335,OBWWH,6,1,2020-07-15 15:32:00,2020-08-12,2020-08-13,73,3272.8
10831,KUABU,1,3,2020-06-18 16:32:00,2020-07-16,2020-07-02,6,178.5
10526,GCSLF,5,3,2020-10-31 09:13:00,2020-11-28,2020-11-07,75,1465.5
10328,KINOC,3,2,2020-10-31 12:59:00,2020-11-28,2020-11-21,39,262.57
10676,RVAML,4,2,2021-03-16 14:49:00,2021-04-13,2021-04-05,50,737.4
10867,GCSLF,1,3,2020-01-11 08:13:00,2020-02-08,2020-01-20,64,341.06
10706,PILRH,5,1,2020-03-20 12:06:00,2020-04-17,2020-03-28,59,1142.1
10303,ARPIO,9,1,2019-12-12 13:18:00,2020-01-09,2019-12-23,35,483.9
10610,KINOC,2,2,2020-10-22 17:43:00,2020-11-19,2020-11-20,49,1169.61
11027,EWHZJ,7,1,2020-07-12 15:06:00,2020-08-09,2020-08-15,26,1128.42
10469,JOPKE,7,3,2021-05-05 16:54:00,2021-06-02,2021-05-24,37,801.42
10263,XZGTP,8,1,2019-12-14 10:23:00,2020-01-11,2019-12-20,38,416.93
10870,CFRKI,5,3,2020-09-28 10:12:00,2020-10-26,2020-10-06,33,191.76
10472,KUABU,9,1,2020-12-25 14:42:00,2021-01-22,2021-01-23,40,640.6
10437,IFHOG,4,2,2020-02-21 13:59:00,2020-03-20,2020-03-24,124,2441.69
10560,ARPIO,9,1,2020-05-14 11:25:00,2020-06-11,2020-06-14,37,555.13
10558,KTMWM,7,3,2019-12-06 12:21:00,2020-01-03,2019-12-15,30,957.7
10925,VUSXS,8,3,2020-01-26 09:07:00,2020-02-23,2020-01-29,60,2386.15
10854,WDZSH,9,1,2020-12-29 14:08:00,2021-01-26,2021-01-27,41,1451.62
10700,KUABU,4,1,2020-01-06 17:38:00,2020-02-03,2020-01-10,6,93.9
10347,EWQCH,5,2,2020-08-17 14:59:00,2020-09-14,2020-08-29,64,1393.35
10720,HXEEG,7,2,2021-01-12 18:50:00,2021-02-09,2021-02-12,24,146.17
11038,VUSXS,6,3,2019-09-27 08:03:00,2019-10-25,2019-10-13,52,3071.0
10416,WUSQA,6,2,2020-12-13 12:43:00,2021-01-10,2021-01-13,96,1572.56
10671,JOPKE,1,3,2021-02-24 11:17:00,2021-03-24,2021-03-30,91,2193.48
10285,OEZOA,2,1,2020-11-16 11:41:00,2020-12-14,2020-11-27,11,291.06
10534,XLPUE,8,2,2020-06-15 18:06:00,2020-07-13,2020-06-17,20,432.2
10623,IFHOG,5,2,2019-08-12 14:55:00,2019-09-09,2019-09-13,177,8870.63
10462,RVDMH,2,2,2020-12-05 17:04:00,2021-01-02,2021-01-01,56,613.71
10509,EYYSN,1,2,2020-05-07 17:28:00,2020-06-04,2020-06-01,84,1477.49
10920,MCJQJ,6,3,2020-06-27 17:36:00,2020-07-25,2020-07-27,44,509.49
10386,MTPNQ,3,3,2021-01-13 15:22:00,2021-02-10,2021-02-06,140,3763.21
10743,KTMWM,7,2,2019-07-18 18:36:00,2019-08-15,2019-07-23,75,544.58
10797,CDLRH,6,2,2020-03-02 16:26:00,2020-03-30,2020-04-04,48,880.93
10488,OEZOA,8,2,2019-11-08 18:17:00,2019-12-06,2019-11-09,55,537.88
10538,EZSXH,8,1,2020-07-21 15:04:00,2020-08-18,2020-08-19,59,1384.57
10384,WNCLH,9,2,2019-10-19 18:00:00,2019-11-16,,25,520.94
10585,EWQCH,8,1,2019-07-05 12:22:00,2019-08-02,2019-07-07,88,2663.35
10492,MYUOP,3,2,2020-11-16 14:04:00,2020-12-14,2020-11-17,23,391.96
10605,EWQCH,3,2,2020-08-20 14:13:00,2020-09-17,2020-09-12,49,1647.01
10367,AODRM,3,3,2020-02-07 09:11:00,2020-03-06,2020-03-02,143,7653.1
10289,OMMPQ,1,2,2019-10-23 18:38:00,2019-11-20,2019-10-28,155,1284.12
10251,PPNKD,1,1,2019-07-29 08:20:00,2019-08-26,2019-08-06,70,1419.4
10282,OEZOA,3,1,2020-11-30 12:19:00,2020-12-28,2020-12-21,112,1959.89
10483,TVMDU,2,1,2020-01-16 10:34:00,2020-02-13,2020-01-22,59,3963.04
10350,MTPNQ,8,2,2020-07-30 13:07:00,2020-08-27,2020-08-07,46,548.78
10713,VGMIO,8,2,2020-09-27 15:05:00,2020-10-25,2020-10-02,26,269.98
10900,GCSLF,7,3,2021-02-12 09:31:00,2021-03-12,2021-03-19,44,760.34
10978,EZSXH,8,1,2020-02-12 10:32:00,2020-03-11,2020-02-16,190,4998.89
10357,KTMWM,4,2,2021-02-13 16:59:00,2021-03-13,2021-02-22,52,1325.94
11013,UNPFI,4,3,2020-10-23 14:03:00,2020-11-20,2020-10-25,54,1447.09
10595,PMOOX,2,3,2020-09-05 16:49:00,2020-10-03,2020-09-10,142,7093.57
11060,KTMWM,5,3,2020-08-06 18:41:00,2020-09-03,2020-09-08,17,464.31
10800,IAKCY,7,2,2021-02-08 17:06:00,2021-03-08,2021-03-03,37,347.02
10431,WEAQJ,3,2,2020-10-24 08:52:00,2020-11-21,2020-10-26,86,602.94
11021,OMMPQ,8,3,2020-04-24 11:41:00,2020-05-22,2020-05-01,4,161.16
10537,DLQMD,5,1,2019-11-15 16:04:00,2019-12-13,2019-11-26,28,1412.01
10855,IEHDF,3,1,2020-02-25 15:52:00,2020-03-24,2020-03-08,25,130.83
10344,PILRH,6,1,2020-05-06 15:56:00,2020-06-03,2020-05-30,14,111.73
10958,YQHEC,1,3,2021-03-29 14:30:00,2021-04-26,2021-04-02,44,571.12
11014,QYNXK,4,1,2020-09-29 16:44:00,2020-10-27,2020-10-06,130,2398.4
10502,QYNXK,9,3,2019-12-28 16:00:00,2020-01-25,2020-01-25,125,1735.94
10519,MYUOP,1,3,2020-07-31 13:21:00,2020-08-28,2020-08-19,97,630.54
10375,JOPKE,7,2,2019-12-10 13:38:00,2020-01-07,2020-01-01,73,997.71
10865,KSKIC,7,1,2021-05-03 12:40:00,2021-05-31,2021-05-19,117,2383.4
10821,CHJHK,9,1,2020-01-14 17:26:00,2020-02-11,2020-01-18,60,2471.48
10393,ARPIO,4,3,2019-11-19 15:00:00,2019-12-17,2019-11-25,35,1550.57
10917,PMOOX,5,3,2020-06-24 14:11:00,2020-07-22,2020-07-16,175,2348.45
10815,ZFYWY,8,3,2019-12-22 13:22:00,2020-01-19,2020-01-01,75,1014.93
10633,RVAML,2,1,2020-03-01 16:41:00,2020-03-29,2020-03-31,20,263.2
10504,VUSXS,3,3,2020-03-17 12:55:00,2020-04-14,2020-04-05,65,2438.38
10521,YQHEC,5,1,2020-01-06 17:19:00,2020-02-03,2020-01-18,51,1229.25
10484,OEZOA,3,1,2021-03-05 13:04:00,2021-04-02,2021-03-09,26,347.62
10739,AODRM,2,1,2020-03-21 14:34:00,2020-04-18,2020-04-08,107,4648.84
10339,FWXFW,8,1,2020-07-22 15:23:00,2020-08-19,2020-08-19,43,1358.08
10976,EWHZJ,1,1,2021-01-06 15:48:00,2021-02-03,2021-02-04,94,2518.98
10611,LQAJJ,1,2,2020-06-22 10:58:00,2020-07-20,2020-07-26,62,968.29
10996,FWTMU,9,2,2020-07-14 14:28:00,2020-08-11,2020-08-13,87,1608.21
10255,ORYAY,7,2,2020-11-18 09:15:00,2020-12-16,2020-12-12,163,4850.43
10804,AMKXP,6,1,2020-04-30 08:09:00,2020-05-28,2020-05-30,3,46.95
10635,YQHEC,1,1,2020-06-10 15:48:00,2020-07-08,2020-07-01,85,3064.26
10429,QDKDT,4,1,2021-05-06 15:30:00,2021-06-03,2021-06-03,18,1114.94
10863,TVMDU,7,3,2021-03-29 16:53:00,2021-04-26,2021-04-30,37,767.2
10458,WJQYI,3,3,2020-04-12 13:07:00,2020-05-10,2020-04-17,140,9129.09
11025,ZHCRB,5,3,2020-09-04 18:25:00,2020-10-02,2020-10-06,18,443.61
10513,AMKXP,3,2,2020-04-22 16:05:00,2020-05-20,2020-05-01,227,5007.85
10859,EHVXH,8,3,2020-07-15 13:01:00,2020-08-12,2020-08-14,61,2552.85
10751,IAKCY,9,1,2020-11-26 12:43:00,2020-12-24,2020-12-12,26,282.22
10498,LQSSY,4,3,2020-01-22 16:15:00,2020-02-19,2020-02-08,46,755.82
10847,QDKDT,6,2,2020-11-05 14:44:00,2020-12-03,2020-12-05,194,8395.78
10669,RUNCK,6,1,2020-06-03 16:03:00,2020-07-01,2020-06-06,203,3783.68
11017,KSKIC,4,3,2020-01-12 18:43:00,2020-02-09,2020-01-18,35,810.74
11053,ARUPY,7,2,2019-12-11 16:54:00,2020-01-08,2020-01-06,18,160.78
10895,ARPIO,9,2,2020-07-28 12:31:00,2020-08-25,2020-08-15,41,259.8
10757,WPYMO,3,1,2020-07-14 17:28:00,2020-08-11,,45,463.13
10833,KUABU,9,3,2021-01-17 08:06:00,2021-02-14,2021-02-09,46,660.04
10438,LQAJJ,5,1,2020-01-02 17:56:00,2020-01-30,2020-01-26,78,1143.51
10397,CRBOU,9,3,2021-02-14 12:47:00,2021-03-14,2021-03-04,20,111.53
10388,DDGUG,3,1,2019-08-30 12:33:00,2019-09-27,2019-09-04,67,588.85
10946,TMXBF,6,1,2019-11-25 17:36:00,2019-12-23,2019-11-29,43,1597.78
10953,IAKCY,2,2,2020-08-03 15:38:00,2020-08-31,2020-08-10,48,2235.22
10312,AMKXP,1,1,2020-03-10 17:03:00,2020-04-07,2020-03-23,73,1082.83
11004,WNTIS,4,1,2020-06-21 17:51:00,2020-07-19,2020-07-17,77,2125.9
10696,WPYMO,2,3,2020-12-19 13:12:00,2021-01-16,2021-01-14,7,104.44
10911,EHVXH,3,3,2020-02-11 10:30:00,2020-03-10,2020-02-23,61,3843.34
10630,MCCJA,8,3,2020-10-13 12:20:00,2020-11-10,2020-10-25,64,1240.03
10406,KSKIC,6,1,2020-01-25 16:29:00,2020-02-22,2020-02-15,88,4318.96
11068,QPTDN,5,1,2020-08-05 08:56:00,2020-09-02,2020-09-06,103,2055.24
10647,WOHLE,6,1,2020-06-08 14:53:00,2020-07-06,2020-06-20,65,1605.42
10259,ZFYWY,3,3,2020-01-06 15:21:00,2020-02-03,2020-01-07,90,3762.07
10260,MHCEX,3,3,2020-08-05 16:22:00,2020-09-02,2020-08-26,86,1829.28
10293,IFHOG,8,1,2020-06-19 17:27:00,2020-07-17,2020-06-27,27,942.72
10991,MCJQJ,5,2,2020-05-06 08:31:00,2020-06-03,2020-05-09,88,3228.12
10778,MYUOP,9,2,2020-07-21 15:06:00,2020-08-18,2020-07-26,28,186.2
10603,PILRH,7,2,2020-10-24 12:29:00,2020-11-21,2020-11-23,75,748.03
10288,MCCJA,5,2,2021-03-15 17:36:00,2021-04-12,2021-03-22,33,418.98
11015,EETZO,5,2,2019-11-05 14:24:00,2019-12-03,2019-11-12,46,553.92
10772,DDGUG,7,2,2021-04-05 12:18:00,2021-05-03,2021-04-10,112,5611.47
10592,WEAQJ,8,2,2021-04-27 09:37:00,2021-05-25,2021-05-25,40,522.8
11022,HXEEG,1,3,2019-07-06 15:21:00,2019-08-03,2019-07-14,60,775.29
10535,EZSXH,3,1,2020-07-29 08:24:00,2020-08-26,2020-08-24,7,500.85
10708,AODRM,2,3,2021-03-08 17:56:00,2021-04-05,2021-03-27,68,998.61
10482,JFEIL,1,2,2021-03-26 11:35:00,2021-04-23,2021-04-12,31,407.34
10354,JUIWI,4,3,2019-09-08 08:37:00,2019-10-06,2019-10-01,120,3871.19
10685,CRBOU,7,3,2020-10-15 10:12:00,2020-11-12,2020-11-18,74,2158.61
10886,ZHCRB,5,1,2019-10-16 08:22:00,2019-11-13,2019-11-01,41,657.45
10968,EYYSN,4,3,2020-10-03 11:46:00,2020-10-31,2020-11-05,46,834.95
10591,EYYSN,8,3,2021-02-18 09:15:00,2021-03-18,2021-02-20,198,4151.52
10283,DDGUG,9,1,2021-03-07 12:47:00,2021-04-04,2021-03-17,20,1118.85
11067,IFHOG,4,3,2021-03-01 17:46:00,2021-03-29,2021-03-15,69,1093.76
10399,UNPFI,1,2,2020-01-28 13:23:00,2020-02-25,2020-02-28,32,530.47
10631,UNYYX,6,2,2020-10-17 15:00:00,2020-11-14,2020-11-09,39,665.73
10404,OKGYN,8,1,2019-09-18 10:37:00,2019-10-16,2019-10-16,65,487.44
10398,TVMDU,8,1,2020-08-10 08:53:00,2020-09-07,2020-09-13,77,1403.71
10379,GSKSA,2,2,2019-08-05 16:55:00,2019-09-02,2019-08-21,43,3107.1
10975,CAJJZ,9,2,2021-01-20 11:52:00,2021-02-17,2021-02-10,57,727.74
10933,ARUPY,7,3,2020-03-06 15:17:00,2020-04-03,2020-03-10,78,2914.86
10568,ZFYWY,4,1,2021-03-18 16:12:00,2021-04-15,2021-03-31,95,2174.59
10461,MTPNQ,4,3,2019-12-22 09:21:00,2020-01-19,2020-01-04,88,1525.49
10258,RVDMH,1,3,2020-06-10 13:46:00,2020-07-08,2020-06-16,7,563.92
10524,WEAQJ,4,2,2020-05-20 13:05:00,2020-06-17,2020-05-23,17,431.37
11056,KTMWM,6,1,2021-03-29 12:01:00,2021-04-26,2021-04-24,103,971.14
11000,EWQCH,1,2,2020-03-31 16:53:00,2020-04-28,2020-04-23,205,3738.95
10299,OEZOA,1,3,2021-04-07 18:48:00,2021-05-05,2021-05-04,27,1369.77
10355,GFBCR,7,2,2020-03-02 17:25:00,2020-03-30,,164,2395.26
10562,PHGRR,9,1,2019-08-08 18:35:00,2019-09-05,2019-08-19,63,1234.35
11075,PPNKD,8,2,2019-08-18 11:10:00,2019-09-15,2019-09-02,104,2450.44
10848,JUIWI,6,3,2019-11-20 12:16:00,2019-12-18,2019-12-20,58,616.1
11019,YQHEC,9,1,2020-02-21 16:06:00,2020-03-20,2020-03-18,108,3763.28
10841,JSSTI,1,2,2021-01-06 14:01:00,2021-02-03,2021-02-04,95,1265.06
10593,MSESF,9,2,2020-12-29 15:58:00,2021-01-26,2021-01-24,74,2425.71
10594,ZFYWY,2,1,2020-05-01 18:27:00,2020-05-29,2020-05-14,52,2365.18
10701,WPYMO,9,2,2020-10-26 16:54:00,2020-11-23,2020-11-08,46,353.04
10342,MTPNQ,9,1,2020-04-08 16:01:00,2020-05-06,2020-04-28,116,633.2
10869,MCJQJ,5,2,2021-02-28 18:04:00,2021-03-28,2021-03-05,19,335.24
10961,AMKXP,1,2,2020-05-02 14:49:00,2020-05-30,2020-06-06,15,250.8
10723,IAKCY,8,1,2021-02-14 09:52:00,2021-03-14,2021-03-10,48,762.13
10943,MYUOP,8,3,2020-02-09 10:52:00,2020-03-08,2020-02-21,44,2195.68
10838,PHGRR,5,3,2020-06-16 17:25:00,2020-07-14,2020-07-16,48,1033.08
10877,CDLRH,9,1,2020-01-07 16:29:00,2020-02-04,2020-01-27,113,4097.49
10784,JOPKE,4,1,2020-06-18 09:11:00,2020-07-16,2020-07-20,21,410.34
10654,WPYMO,9,3,2020-07-19 16:56:00,2020-08-16,2020-07-31,101,2262.51
10651,TMXBF,7,2,2020-09-22 08:45:00,2020-10-20,2020-10-15,39,345.71
10940,WEAQJ,2,1,2020-01-28 13:45:00,2020-02-25,2020-02-22,44,1380.26
10311,IAKCY,6,2,2020-08-17 17:57:00,2020-09-14,2020-09-17,74,2339.91
10329,ARUPY,9,3,2020-02-28 16:28:00,2020-03-27,2020-03-17,23,249.05
10566,VUSXS,1,1,2021-01-09 13:33:00,2021-02-06,2021-01-16,74,1394.64
10982,KSKIC,6,3,2021-01-07 16:12:00,2021-02-04,2021-02-05,53,1154.51
10820,BXJIB,2,3,2020-01-19 15:07:00,2020-02-16,2020-02-10,16,1216.96
10418,EETZO,5,3,2020-10-04 10:04:00,2020-11-01,,63,1818.84
10525,YQHEC,6,3,2019-08-04 14:34:00,2019-09-01,2019-08-24,110,4675.68
10824,IEHDF,1,1,2020-07-09 11:48:00,2020-08-06,2020-07-20,153,864.98
10798,KINOC,7,2,2020-01-15 14:29:00,2020-02-12,2020-02-01,2,60.78
10621,OEZOA,6,2,2019-12-22 15:28:00,2020-01-19,2020-01-16,83,923.94
10894,CHJHK,7,2,2019-11-22 16:48:00,2019-12-20,2019-11-27,21,136.28
11041,OMMPQ,8,2,2019-12-11 11:01:00,2020-01-08,2020-01-15,55,913.58
10834,EZSXH,1,3,2020-01-26 09:36:00,2020-02-23,2020-02-04,43,1218.94
10496,FWTMU,9,1,2021-01-18 10:02:00,2021-02-15,2021-02-04,62,4682.55
10547,DDGUG,8,3,2019-11-28 17:54:00,2019-12-26,2020-01-02,40,402.87
10550,CDLRH,7,3,2020-11-27 14:30:00,2020-12-25,2020-12-20,67,677.32
11058,OEZOA,4,1,2019-12-18 17:51:00,2020-01-15,2020-01-19,153,1576.83
10806,UQMTR,1,3,2020-01-17 11:40:00,2020-02-14,2020-02-09,21,241.79
10741,OMMPQ,5,1,2019-07-11 10:26:00,2019-08-08,2019-08-12,23,1161.84
10252,FWTMU,3,2,2019-07-23 09:37:00,2019-08-20,2019-07-30,13,163.97
10812,VUSXS,3,1,2020-02-10 11:22:00,2020-03-09,2020-02-20,51,980.62
10736,FWTMU,3,2,2019-12-18 18:37:00,2020-01-15,2020-01-09,121,2797.24
10759,YHAAH,1,1,2021-02-06 18:17:00,2021-03-06,2021-02-18,18,308.47
10888,BXJIB,7,3,2021-03-11 14:28:00,2021-04-08,2021-04-04,33,212.88
10792,JSSTI,6,3,2019-11-29 15:09:00,2019-12-27,2019-12-11,100,1676.56
10866,GSKSA,7,2,2019-07-16 12:48:00,2019-08-13,2019-08-04,108,3045.42
10467,MCCJA,8,2,2020-10-06 12:43:00,2020-11-03,2020-11-04,117,1181.66
10385,XLPUE,3,1,2020-04-19 10:24:00,2020-05-17,2020-04-24,96,2021.02
11029,KUABU,1,2,2020-03-27 10:00:00,2020-04-24,2020-04-20,22,641.49
11047,UNPFI,3,2,2021-04-07 08:23:00,2021-05-05,2021-04-16,52,1412.42
10294,HXEEG,4,3,2021-03-17 09:47:00,2021-04-14,2021-03-21,166,9407.44
10914,QYNXK,2,3,2020-02-29 08:56:00,2020-03-28,2020-03-12,54,1634.0
10745,TVMDU,6,1,2020-12-12 18:46:00,2021-01-09,2020-12-15,92,4298.32
10598,WNCLH,5,3,2020-12-04 13:47:00,2021-01-01,2020-12-09,115,3282.78
10803,ARUPY,3,3,2020-08-25 16:12:00,2020-09-22,2020-09-01,45,1056.24
10642,CAJJZ,3,3,2020-08-08 16:35:00,2020-09-05,2020-09-12,162,4182.74
10684,OEZOA,5,2,2020-08-07 18:52:00,2020-09-04,2020-09-01,107,3930.63
10813,AODRM,2,1,2021-02-22 15:15:00,2021-03-22,2021-02-28,160,3119.04
10712,ABOZO,8,3,2020-04-16 08:59:00,2020-05-14,2020-04-24,69,3058.27
10703,ARUPY,3,3,2020-06-09 18:37:00,2020-07-07,2020-06-29,28,1171.8
10589,WPYMO,8,1,2020-02-19 10:12:00,2020-03-18,2020-03-14,90,1951.7
10428,QPTDN,4,1,2020-01-04 16:06:00,2020-02-01,2020-02-07,126,3864.43
10764,LZJBG,7,1,2021-04-13 16:24:00,2021-05-11,2021-04-29,58,413.38
10380,EWHZJ,9,1,2020-11-20 13:37:00,2020-12-18,2020-12-04,116,1717.18
10966,TVMDU,6,2,2020-02-19 15:32:00,2020-03-18,2020-02-27,12,460.56
10574,ZHCRB,9,1,2021-05-01 14:57:00,2021-05-29,2021-05-10,22,376.27
10313,EZSXH,4,3,2020-09-26 13:15:00,2020-10-24,2020-10-24,36,637.26
10948,QYNXK,3,1,2020-01-05 16:08:00,2020-02-02,2020-02-02,55,1289.48
10417,PPNKD,4,1,2020-01-22 13:37:00,2020-02-19,2020-02-10,24,440.69
10901,QYNXK,4,1,2020-03-08 13:52:00,2020-04-05,2020-04-07,61,1402.48
10618,YHAAH,8,2,2019-10-14 15:52:00,2019-11-11,2019-11-01,110,1730.43
10257,GSKSA,3,1,2020-06-16 17:58:00,2020-07-14,2020-07-19,45,689.72
10912,IBHPP,7,2,2020-06-12 08:00:00,2020-07-10,2020-07-11,132,4811.49
10786,JOPKE,8,1,2020-05-01 15:22:00,2020-05-29,2020-05-14,74,1716.21
10426,CAJJZ,1,1,2020-04-05 15:27:00,2020-05-03,2020-04-13,193,4555.64
11040,WEAQJ,3,1,2021-02-16 11:10:00,2021-03-16,2021-03-12,85,3658.36
11061,EZSXH,5,1,2019-11-07 09:11:00,2019-12-05,2019-11-29,53,180.65
10411,KDERT,5,1,2020-04-09 09:17:00,2020-05-07,2020-04-13,35,1482.99
10837,HXEEG,5,2,2020-02-03 09:19:00,2020-03-02,2020-03-01,16,147.44
10491,EHVXH,6,2,2020-05-17 16:35:00,2020-06-14,2020-05-21,70,1078.32
10779,BXJIB,1,1,2021-02-06 13:03:00,2021-03-06,2021-02-14,80,3269.76
10465,QYNXK,1,2,2020-05-10 13:32:00,2020-06-07,2020-05-15,33,862.13
10963,WPYMO,2,3,2019-09-22 08:58:00,2019-10-20,2019-10-27,82,929.35
10839,DLQMD,4,1,2019-12-18 16:42:00,2020-01-15,2020-01-17,83,611.21
10964,JOPKE,2,1,2019-09-22 11:42:00,2019-10-20,2019-09-26,49,1019.85
10956,ARPIO,2,2,2020-07-03 17:00:00,2020-07-31,2020-07-08,45,1164.45
10341,XLPUE,7,3,2019-10-22 18:59:00,2019-11-19,2019-11-25,141,7026.86
10556,CDLRH,3,1,2019-12-09 11:54:00,2020-01-06,2020-01-03,66,3094.85
10412,YGUPQ,2,2,2019-10-09 11:23:00,2019-11-06,2019-10-15,57,1354.66
10794,PMOOX,2,2,2021-01-03 15:44:00,2021-01-31,2021-01-27,100,1504.42
10928,QDKDT,8,3,2019-08-09 12:42:00,2019-09-06,2019-08-29,21,250.53
10358,EETZO,8,1,2020-01-18 10:45:00,2020-02-15,2020-01-25,198,4269.41
11071,WPYMO,1,3,2020-03-15 09:18:00,2020-04-12,2020-04-14,127,2714.57
10929,YGUPQ,9,3,2020-05-23 15:14:00,2020-06-20,2020-06-17,121,2989.74
11012,IAKCY,3,3,2021-01-30 08:14:00,2021-02-27,2021-02-12,28,1107.93
10368,IFHOG,1,3,2019-10-27 16:14:00,2019-11-24,2019-11-29,25,406.97
10390,VXISR,3,3,2021-02-22 09:15:00,2021-03-22,2021-03-16,155,1447.94
10643,CAJJZ,5,2,2020-09-08 16:38:00,2020-10-06,2020-10-08,71,871.63
10543,EHVXH,4,2,2020-10-21 14:59:00,2020-11-18,2020-10-28,71,1638.56
10624,PILRH,8,1,2020-07-26 09:50:00,2020-08-23,2020-08-17,8,237.36
10942,IEHDF,4,1,2020-07-16 12:28:00,2020-08-13,2020-07-18,153,3301.48
10760,LZJBG,5,1,2020-03-27 15:08:00,2020-04-24,2020-04-04,153,4123.51
10583,OEZOA,8,2,2021-04-02 15:27:00,2021-04-30,2021-04-06,64,1587.03
10704,OEZOA,4,3,2020-03-05 18:03:00,2020-04-02,2020-04-09,26,439.53
11037,AMKXP,8,3,2020-01-09 11:51:00,2020-02-06,2020-02-09,186,4693.33
10424,EZSXH,2,3,2020-03-24 12:39:00,2020-04-21,2020-04-06,73,1290.99
10479,RUNCK,5,3,2019-09-30 13:09:00,2019-10-28,2019-10-15,38,1979.8
10549,OMMPQ,8,2,2020-11-18 15:23:00,2020-12-16,2020-12-06,88,1425.18
10998,WPYMO,3,3,2020-03-02 09:20:00,2020-03-30,2020-03-19,57,1272.26
10915,EYYSN,1,1,2020-01-02 12:59:00,2020-01-30,2020-01-23,33,1072.84
10698,RUNCK,8,1,2021-01-20 16:52:00,2021-02-17,2021-02-10,8,87.26
11030,LKXAI,4,2,2019-11-21 14:17:00,2019-12-19,2019-12-13,61,916.25
10433,LQSSY,7,1,2021-03-24 15:04:00,2021-04-21,2021-03-29,39,562.1
10906,YHAAH,5,1,2021-01-23 11:51:00,2021-02-20,2021-02-27,59,536.5
10707,VGMIO,3,1,2020-07-18 08:20:00,2020-08-15,2020-08-21,78,782.3
10719,MYUOP,5,2,2020-11-24 08:05:00,2020-12-22,2020-12-29,149,4790.18
10588,MHCEX,4,2,2019-11-23 09:07:00,2019-12-21,2019-12-05,55,2096.07
10316,QYNXK,3,1,2020-01-17 16:38:00,2020-02-14,2020-02-10,87,4316.45
10590,IAKCY,9,3,2019-10-25 12:46:00,2019-11-22,2019-10-28,43,404.61
10951,XZGTP,7,1,2019-10-30 16:35:00,2019-11-27,2019-11-21,73,3706.29
10352,ZHCRB,4,3,2020-10-30 08:12:00,2020-11-27,2020-11-23,17,231.2
10769,HXEEG,1,3,2020-10-18 11:21:00,2020-11-15,2020-11-18,105,1001.58
10999,WUSQA,5,3,2020-07-03 18:12:00,2020-07-31,2020-07-05,63,1697.83
10995,YHAAH,8,1,2021-01-12 15:37:00,2021-02-09,2021-02-02,80,3098.22
10414,QYNXK,7,1,2019-11-27 17:49:00,2019-12-25,2019-12-19,32,1993.48
10907,IAKCY,7,2,2020-07-01 08:12:00,2020-07-29,2020-07-23,48,1610.62
10980,IFHOG,9,3,2020-05-12 17:22:00,2020-06-09,2020-05-25,48,509.07
10261,WJQYI,4,2,2020-04-09 15:33:00,2020-05-07,2020-04-13,26,1749.53
10950,EYYSN,7,3,2019-10-10 10:06:00,2019-11-07,2019-11-08,15,47.7
10880,KDERT,9,3,2019-11-05 08:40:00,2019-12-03,2019-12-01,81,1129.84
10959,PPNKD,8,1,2020-12-17 11:12:00,2021-01-14,2021-01-21,178,2413.56
10471,VXISR,8,2,2019-07-15 08:53:00,2019-08-12,2019-07-23,21,477.54
10486,CHJHK,7,2,2019-08-10 10:05:00,2019-09-07,2019-09-04,32,1223.7
10796,FWXFW,1,1,2019-11-25 15:36:00,2019-12-23,2019-12-29,179,1872.6
10476,VUSXS,8,1,2019-07-26 11:39:00,2019-08-23,2019-08-08,71,632.25
10828,MCCJA,8,2,2019-09-29 16:38:00,2019-10-27,2019-10-02,14,79.71
10515,VGMIO,9,3,2020-04-25 16:32:00,2020-05-23,2020-05-26,81,854.97
10600,EYYSN,6,3,2019-12-04 16:03:00,2020-01-01,2019-12-23,8,181.35
10692,WJQYI,2,2,2021-03-12 12:20:00,2021-04-09,2021-03-28,77,2272.31
10878,ZHCRB,1,1,2020-02-07 17:11:00,2020-03-06,2020-02-09,45,669.08
10377,WEAQJ,3,2,2020-06-26 09:47:00,2020-07-24,2020-07-28,150,2281.19
10842,MSESF,6,1,2020-05-29 08:47:00,2020-06-26,2020-07-03,50,368.86
10939,QVRLL,4,3,2019-07-05 16:43:00,2019-08-02,2019-07-12,60,960.78
10645,ZHCRB,9,3,2021-03-14 18:50:00,2021-04-11,,135,5095.06
10315,EWHZJ,6,3,2020-10-06 18:56:00,2020-11-03,2020-11-07,135,3665.22
10305,UNYYX,1,2,2020-08-26 18:28:00,2020-09-23,2020-09-10,121,5627.34
10710,MTPNQ,1,3,2020-09-11 16:17:00,2020-10-09,2020-10-08,80,832.02
10805,GMUGJ,7,3,2020-04-01 13:08:00,2020-04-29,2020-04-27,72,1768.13
10985,KDERT,8,1,2020-03-07 09:45:00,2020-04-04,2020-03-09,154,3007.32
10545,KTMWM,4,2,2021-02-27 13:23:00,2021-03-27,2021-03-28,10,125.2
10655,JSSTI,6,2,2020-09-01 17:33:00,2020-09-29,2020-09-11,30,921.5
10489,UQMTR,9,3,2020-04-15 09:01:00,2020-05-13,2020-05-06,92,1427.81
11041,OMMPQ,8,2,2019-12-11 11:01:00,2020-01-08,2020-01-15,55,913.58
10952,WNCLH,4,3,2021-01-20 18:52:00,2021-02-17,2021-02-14,109,1271.04
10724,EWQCH,8,2,2020-07-29 13:13:00,2020-08-26,2020-08-03,35,1042.47
10913,TVMDU,9,2,2020-03-07 12:05:00,2020-04-04,2020-04-04,12,145.92
10902,ZFYWY,2,2,2020-04-09 18:17:00,2020-05-07,2020-04-30,92,3475.32
10947,MHCEX,3,1,2020-06-03 16:44:00,2020-07-01,2020-06-30,70,1592.45
10702,RVDMH,2,2,2020-09-07 13:29:00,2020-10-05,2020-10-02,87,2302.41
10682,IAKCY,2,1,2019-09-20 11:36:00,2019-10-18,2019-09-27,171,7100.35
10853,QPTDN,9,3,2021-02-10 08:53:00,2021-03-10,2021-03-08,8,96.96
10883,GCSLF,8,2,2021-03-11 16:07:00,2021-04-08,2021-03-25,112,3971.67
10927,TVMDU,3,1,2021-04-11 11:32:00,2021-05-09,2021-04-13,32,345.4
10819,RUNCK,2,1,2020-05-22 15:07:00,2020-06-19,2020-05-30,135,2225.82
10296,EWHZJ,8,1,2020-06-01 16:42:00,2020-06-29,2020-06-17,138,8822.47
10664,TMXBF,3,3,2019-11-21 15:58:00,2019-12-19,2019-12-15,25,399.45
10641,HXEEG,6,2,2020-09-01 18:45:00,2020-09-29,2020-09-19,72,2392.46
10450,VXISR,3,1,2021-02-20 08:44:00,2021-03-20,2021-03-09,95,2160.3
10811,CAJJZ,4,3,2019-07-05 12:16:00,2019-08-02,2019-07-24,60,4736.5
10365,IEHDF,4,3,2020-09-28 10:54:00,2020-10-26,2020-10-08,11,270.53
10694,WOHLE,6,2,2020-11-11 18:08:00,2020-12-09,2020-11-14,73,774.98
10564,UNPFI,3,3,2020-08-22 08:56:00,2020-09-19,2020-09-19,14,84.92
10318,VGMIO,6,1,2020-11-21 14:21:00,2020-12-19,2020-12-08,70,2138.45
10567,WNCLH,1,3,2020-04-02 14:26:00,2020-04-30,2020-04-20,44,744.84
10626,JFEIL,5,3,2020-10-23 14:41:00,2020-11-20,2020-10-24,63,986.59
10268,XLPUE,1,3,2019-09-13 16:53:00,2019-10-11,2019-09-21,9,127.53
10717,WEAQJ,9,1,2020-06-17 17:47:00,2020-07-15,2020-06-30,39,1829.88
10457,LKXAI,7,2,2021-03-30 09:45:00,2021-04-27,2021-05-04,66,5396.73
10514,JQCTG,4,3,2019-08-13 11:51:00,2019-09-10,,67,749.19
10823,AODRM,8,1,2019-11-12 14:57:00,2019-12-10,2019-12-09,29,728.03
10345,YGUPQ,6,3,2020-12-22 08:21:00,2021-01-19,2020-12-23,103,3518.64
10337,OBWWH,3,2,2020-04-24 10:51:00,2020-05-22,2020-04-28,130,1094.6
10419,CRBOU,2,2,2020-05-15 09:09:00,2020-06-12,2020-05-21,88,3802.68
10718,KDERT,6,2,2019-12-12 17:13:00,2020-01-09,2019-12-22,46,785.9
10721,QYNXK,5,1,2020-04-12 11:29:00,2020-05-10,2020-05-05,122,1652.1
10520,MHCEX,1,2,2020-09-02 15:09:00,2020-09-30,2020-10-07,36,511.56
10576,QPTDN,4,3,2021-04-20 08:03:00,2021-05-18,2021-05-22,77,5762.99
10868,PILRH,2,2,2019-08-19 10:14:00,2019-09-16,2019-09-07,16,109.92
10280,VGMIO,5,2,2020-12-14 09:34:00,2021-01-11,2021-01-09,96,2019.84
10884,KSKIC,6,2,2020-03-05 15:50:00,2020-04-02,2020-03-31,165,2348.23
10750,HXEEG,2,2,2020-08-09 10:53:00,2020-09-06,2020-08-11,57,1013.2
10430,QYNXK,7,1,2020-10-14 17:44:00,2020-11-11,2020-10-17,75,4257.74
10346,YHAAH,8,2,2019-11-29 17:13:00,2019-12-27,2019-12-28,57,1182.92
10756,IBHPP,8,3,2019-10-28 08:22:00,2019-11-25,2019-11-07,158,1167.21
10270,YQHEC,6,3,2021-01-14 17:45:00,2021-02-11,2021-02-10,151,7856.8
10852,MTPNQ,3,2,2020-11-21 16:03:00,2020-12-19,2020-12-14,128,3223.48
10286,PILRH,3,2,2021-01-10 10:21:00,2021-02-07,2021-01-19,68,428.43
10892,JSSTI,7,3,2020-04-07 11:23:00,2020-05-05,2020-04-28,24,738.55
10343,PHGRR,4,3,2021-04-05 11:29:00,2021-05-03,2021-04-29,34,1116.86
10601,IBHPP,8,3,2021-04-11 14:08:00,2021-05-09,2021-05-15,22,83.74
10795,YQHEC,4,2,2019-08-06 17:14:00,2019-09-03,2019-08-18,27,529.5
10512,TMXBF,7,1,2020-10-06 14:20:00,2020-11-03,2020-10-10,48,453.21
10587,YGUPQ,8,1,2019-09-23 15:57:00,2019-10-21,2019-09-28,41,860.36
10667,VUSXS,7,2,2020-06-18 15:57:00,2020-07-16,2020-07-03,190,4472.81
10333,CRBOU,9,3,2019-11-15 09:45:00,2019-12-13,2019-12-10,26,289.57
10617,EZSXH,3,1,2020-03-20 12:04:00,2020-04-17,2020-03-30,16,463.14
10974,EHVXH,2,3,2020-08-19 10:31:00,2020-09-16,2020-09-23,28,413.1
10517,QVRLL,9,2,2020-02-19 15:52:00,2020-03-18,2020-02-26,59,1881.93
10666,ABOZO,7,2,2020-04-09 16:59:00,2020-05-07,2020-05-02,46,1524.9
10649,KTMWM,3,2,2020-03-29 09:04:00,2020-04-26,2020-04-30,46,368.6
10981,KUABU,2,3,2021-04-20 10:35:00,2021-05-18,2021-04-27,19,514.61
10477,FWTMU,8,1,2021-03-21 15:10:00,2021-04-18,2021-04-21,16,893.44
10281,DLQMD,7,1,2020-09-25 18:14:00,2020-10-23,2020-10-12,76,846.08
10955,EZSXH,4,3,2021-02-08 15:02:00,2021-03-08,2021-03-12,24,456.63
10680,AODRM,6,3,2020-07-28 09:02:00,2020-08-25,,44,1960.61
10463,UNPFI,7,2,2020-09-13 12:14:00,2020-10-11,2020-10-03,60,1148.2
10254,XZGTP,9,1,2019-09-30 17:25:00,2019-10-28,2019-10-04,76,4204.58
10612,LQAJJ,4,1,2019-09-15 13:53:00,2019-10-13,2019-10-09,26,434.98
10607,EZSXH,8,2,2020-01-29 15:35:00,2020-02-26,2020-02-24,42,811.94
10518,TVMDU,9,3,2019-12-18 13:53:00,2020-01-15,2019-12-27,53,1539.96
11066,ORYAY,3,3,2020-05-07 09:55:00,2020-06-04,2020-06-10,34,232.27
10317,WNTIS,5,2,2019-08-03 10:45:00,2019-08-31,2019-08-20,110,1657.61
10849,WNCLH,7,2,2019-07-23 11:44:00,2019-08-20,,69,1305.05
10762,EETZO,2,2,2020-01-14 15:07:00,2020-02-11,2020-02-11,75,980.6
10267,MTPNQ,2,1,2020-04-26 18:55:00,2020-05-24,2020-05-19,51,585.82
10827,LZJBG,7,2,2020-05-03 09:49:00,2020-05-31,2020-05-18,110,1266.82
10748,PILRH,8,2,2021-04-02 17:11:00,2021-04-30,2021-04-06,210,6579.2
10436,IFHOG,7,2,2020-08-30 09:21:00,2020-09-27,2020-09-07,32,496.72
10360,MTPNQ,8,1,2019-07-08 11:54:00,2019-08-05,2019-07-30,15,194.7
10555,BXJIB,5,3,2020-09-08 10:08:00,2020-10-06,2020-10-13,92,1589.18
10726,IFHOG,5,1,2020-03-09 17:21:00,2020-04-06,2020-03-24,6,457.68
10500,KUABU,9,1,2020-08-02 12:24:00,2020-08-30,2020-08-25,123,3359.59
10582,IFHOG,9,2,2019-11-09 17:35:00,2019-12-07,2019-12-03,128,2797.75
10531,MYUOP,5,1,2021-03-13 09:08:00,2021-04-10,2021-03-15,46,268.4
10291,VUSXS,1,1,2019-10-02 18:42:00,2019-10-30,2019-10-29,8,50.56
10445,WJQYI,5,1,2020-08-19 15:14:00,2020-09-16,2020-09-07,190,1890.42
10314,XZGTP,2,3,2020-05-01 15:47:00,2020-05-29,2020-05-26,64,2162.84
10409,JUIWI,1,2,2020-04-20 11:37:00,2020-05-18,2020-05-25,25,1106.2
10972,WEAQJ,9,2,2020-01-24 13:56:00,2020-02-21,2020-01-30,71,647.66
11062,PHGRR,2,2,2019-07-18 09:39:00,2019-08-15,2019-07-20,164,4421.0
10924,DLQMD,8,1,2020-05-22 17:02:00,2020-06-19,2020-05-26,55,2155.67
11036,DLQMD,3,1,2019-09-05 16:58:00,2019-10-03,2019-09-28,15,424.45
10954,PHGRR,5,2,2020-07-01 15:32:00,2020-07-29,2020-07-14,27,1685.55
11048,OBWWH,7,1,2020-04-18 11:39:00,2020-05-16,2020-04-24,51,742.81
10639,QYNXK,9,3,2021-01-30 18:23:00,2021-02-27,2021-02-10,32,652.0
10774,JUIWI,4,1,2021-01-15 17:00:00,2021-02-12,2021-02-16,99,1131.15
11011,LQAJJ,7,3,2019-07-10 08:38:00,2019-08-07,2019-08-09,90,1672.53
10387,RVAML,1,2,2021-02-13 11:53:00,2021-03-13,2021-03-18,35,780.27
10323,UNPFI,1,1,2020-09-26 13:12:00,2020-10-24,2020-10-11,112,3816.62
10327,WPYMO,6,1,2020-05-23 09:19:00,2020-06-20,2020-06-16,18,559.69
10782,LKXAI,8,2,2020-12-31 10:32:00,2021-01-28,2021-01-23,123,2026.93
10306,AODRM,7,3,2019-10-18 17:50:00,2019-11-15,2019-10-23,113,1420.92
10861,QDKDT,3,2,2019-12-04 08:07:00,2020-01-01,2019-12-26,41,649.55
10613,UQMTR,8,2,2019-12-16 16:47:00,2020-01-13,2019-12-18,30,597.3
10536,EWHZJ,9,3,2021-03-31 14:43:00,2021-04-28,2021-04-06,91,2327.97
10362,PILRH,1,2,2021-04-08 11:38:00,2021-05-06,2021-04-20,145,2968.92
10321,LKXAI,8,3,2020-06-26 10:21:00,2020-07-24,2020-07-22,9,107.37
10507,AODRM,9,1,2020-08-07 11:04:00,2020-09-04,2020-08-13,80,766.56
10559,UNPFI,3,1,2020-05-18 18:35:00,2020-06-15,2020-06-12,85,1950.04
10919,WPYMO,4,1,2021-02-13 11:46:00,2021-03-13,2021-02-16,63,1372.77
10464,ZFYWY,7,3,2021-03-28 14:17:00,2021-04-25,2021-04-23,10,72.44
10539,RUNCK,6,3,2020-08-29 08:21:00,2020-09-26,,24,943.23
10474,EYYSN,5,1,2021-02-24 08:57:00,2021-03-24,2021-03-10,104,907.45
10715,XLPUE,8,3,2020-12-23 17:11:00,2021-01-20,2021-01-15,18,176.94
10297,QPTDN,8,2,2021-01-23 18:54:00,2021-02-20,2021-02-18,65,1141.85
10400,AODRM,3,1,2020-08-10 16:20:00,2020-09-07,2020-08-15,12,502.2
10897,PMOOX,2,1,2020-10-24 18:41:00,2020-11-21,2020-11-02,75,3862.59
10729,ZHCRB,6,3,2020-10-30 09:17:00,2020-11-27,2020-11-19,75,1811.58
10540,VUSXS,7,2,2020-07-13 18:22:00,2020-08-10,2020-08-07,54,836.67
10763,FWTMU,2,2,2019-11-17 11:05:00,2019-12-15,2019-12-03,40,1092.9
10493,PHGRR,9,3,2020-11-04 11:07:00,2020-12-02,2020-11-15,35,746.97
10544,LQSSY,7,1,2020-06-25 14:31:00,2020-07-23,2020-06-30,95,1598.15
10497,HXEEG,2,1,2021-01-23 09:13:00,2021-02-20,2021-02-15,67,1320.17
10599,ABOZO,1,1,2020-08-16 08:27:00,2020-09-13,2020-09-18,124,2936.19
10609,JOPKE,1,2,2020-02-20 09:53:00,2020-03-19,2020-02-23,86,1410.17
10908,QYNXK,6,1,2019-09-09 16:08:00,2019-10-07,2019-09-17,13,40.38
10661,RVDMH,1,3,2019-07-04 08:48:00,2019-08-01,2019-07-06,78,1995.26
10711,PILRH,7,3,2020-08-15 18:35:00,2020-09-12,2020-09-02,73,1201.26
10295,WNCLH,7,1,2019-07-13 11:08:00,2019-08-10,2019-08-04,21,121.78
10364,IBHPP,6,3,2019-10-13 17:03:00,2019-11-10,2019-11-06,197,3333.75
10449,MHCEX,1,3,2020-01-23 16:42:00,2020-02-20,2020-01-27,45,401.74
11010,YQHEC,7,1,2020-11-23 17:44:00,2020-12-21,2020-12-12,33,1007.35
10265,LKXAI,4,2,2020-07-05 15:51:00,2020-08-02,2020-07-27,42,1773.19
11076,YHAAH,4,3,2021-01-27 18:10:00,2021-02-24,2021-02-15,157,2346.18
10872,OKGYN,9,2,2020-10-10 14:58:00,2020-11-07,2020-11-08,57,1961.28
10572,WUSQA,6,1,2020-10-26 13:39:00,2020-11-23,2020-11-22,25,539.82
10273,EHVXH,8,2,2020-03-03 10:04:00,2020-03-31,2020-04-01,119,4066.05
10542,VUSXS,7,1,2019-12-13 18:06:00,2020-01-10,2019-12-30,153,3127.6
11064,IFHOG,8,1,2021-02-22 12:39:00,2021-03-22,2021-03-22,61,1455.92
10665,ARUPY,6,1,2020-09-14 10:13:00,2020-10-12,2020-10-16,101,2357.98
10871,TMXBF,4,3,2020-02-01 11:15:00,2020-02-29,2020-02-27,132,11413.55
10383,EETZO,5,1,2020-08-24 13:08:00,2020-09-21,2020-08-27,5,34.35
10856,MYUOP,4,2,2020-12-16 11:08:00,2021-01-13,2020-12-18,45,4721.64
11023,YHAAH,9,3,2021-03-11 16:53:00,2021-04-08,2021-03-21,14,94.36
11009,ARUPY,4,1,2020-05-12 08:36:00,2020-06-09,2020-05-18,105,4979.53
10728,EWQCH,2,2,2020-09-30 17:28:00,2020-10-28,,153,8032.68
10275,HXEEG,5,3,2019-08-20 17:27:00,2019-09-17,2019-09-12,61,465.76
10965,MCCJA,5,2,2021-03-19 17:10:00,2021-04-16,,66,1273.34
10686,EWQCH,7,3,2020-03-28 12:55:00,2020-04-25,2020-03-29,49,1231.63
10890,AMKXP,2,3,2021-02-08 18:35:00,2021-03-08,2021-02-12,19,176.47
10276,XLPUE,8,3,2019-11-18 08:42:00,2019-12-16,2019-11-21,175,2346.59
10683,CFRKI,7,2,2019-11-16 12:10:00,2019-12-14,2019-12-01,100,2696.55
10660,JFEIL,3,1,2019-09-09 16:50:00,2019-10-07,2019-09-29,121,4554.44
10876,VUSXS,5,1,2019-12-21 11:25:00,2020-01-18,2020-01-22,36,1591.2
10789,OKGYN,2,2,2021-04-16 09:13:00,2021-05-14,2021-05-21,88,1854.18
10581,ABOZO,8,3,2021-01-27 14:22:00,2021-02-24,2021-02-27,32,281.02
10325,AODRM,5,2,2020-10-05 10:40:00,2020-11-02,2020-10-25,26,978.64
11042,JOPKE,2,1,2019-08-16 14:47:00,2019-09-13,2019-09-16,65,2278.13
10638,QPTDN,8,2,2020-01-02 10:27:00,2020-01-30,2020-01-21,77,1790.1
10505,IEHDF,6,1,2021-03-27 12:42:00,2021-04-24,2021-04-07,9,360.83
